Year,Julian,244,245,246,247,248,249,250,251,252,253,254,255,256,257,258,259,260,261,262,263,264,265,266,267,268,269,270,271,272,273,274,275,276,277,278,279,280,281,282,283,284,285,286,287,288,289,290,291,292,293,294,295,296,297,298,299,300,301,302,303,304,305,306,307,308,309,310,311,312,313,314,315,316,317,318,319,320,321,322,323,324,325,326,327,328,329,330,331,332,333,334,335,336,337,338,339,340,341,342,343,344,345,346,347,348,349,350,351,352,353,354,355,356,357,358,359,360,361,362,363,364,365,1,2,3,4,5,6,7,8,9,10,11,12,13,14,15,16,17,18,19,20,21,22,23,24,25,26,27,28,29,30,31,32,33,34,35,36,37,38,39,40,41,42,43,44,45,46,47,48,49,50,51,52,53,54,55,56,57,58,59,60,61,62,63,64,65,66,67,68,69,70,71,72,73,74,75,76,77,78,79,80,81,82,83,84,85,86,87,88,89,90,91,92,93,94,95,96,97,98,99,100,101,102,103,104,105,106,107,108,109,110,111,112,113,114,115,116,117,118,119,120
1984,146,14.44444444,11.11111111,12.22222222,14.44444444,16.11111111,17.22222222,18.33333333,10.55555556,10.55555556,11.66666667,15.55555556,16.66666667,13.88888889,10.55555556,8.888888889,5.555555556,7.222222222,7.777777778,11.66666667,13.88888889,13.88888889,6.666666667,0,2.222222222,1.111111111,3.333333333,6.111111111,7.777777778,8.333333333,8.888888889,8.888888889,12.22222222,8.888888889,8.333333333,9.444444444,9.444444444,3.333333333,3.333333333,4.444444444,8.888888889,5,6.111111111,15,2.777777778,2.777777778,4.444444444,3.333333333,4.444444444,6.666666667,5.555555556,2.222222222,-1.111111111,0,6.111111111,4.444444444,3.333333333,2.222222222,-1.111111111,0.555555556,-5,-5,-2.222222222,1.111111111,2.777777778,0.555555556,-1.666666667,-2.222222222,-1.111111111,0,-0.555555556,0.555555556,6.111111111,-1.111111111,-4.444444444,-5,-3.333333333,-1.666666667,-1.666666667,-2.777777778,-0.555555556,0.555555556,1.666666667,1.111111111,1.666666667,5.555555556,-2.222222222,-2.222222222,1.111111111,2.777777778,2.222222222,-3.333333333,-2.222222222,-8.333333333,-7.777777778,-2.777777778,-1.666666667,2.222222222,-2.222222222,-6.111111111,-6.111111111,-5.555555556,-2.222222222,-1.111111111,2.222222222,3.333333333,3.888888889,-2.222222222,-6.111111111,-10,-8.888888889,-13.33333333,-13.88888889,-12.77777778,-11.11111111,-12.22222222,-22.22222222,-22.22222222,-19.44444444,-11.11111111,-5,-14.44444444,-15.55555556,-15.55555556,-7.777777778,-6.666666667,-6.111111111,-3.333333333,-3.888888889,-2.777777778,-9.444444444,-8.888888889,-7.777777778,-8.888888889,-16.11111111,-16.11111111,-11.66666667,-10,-16.11111111,-12.77777778,-9.444444444,-7.777777778,-23.33333333,-23.33333333,-26.11111111,-25,-16.11111111,-5.555555556,-1.111111111,-4.444444444,-7.222222222,-7.222222222,-6.666666667,-5,-13.88888889,-13.88888889,-11.66666667,-3.888888889,-2.222222222,-8.333333333,-10,-11.11111111,-11.11111111,-5.555555556,-4.444444444,-1.666666667,-1.666666667,1.111111111,6.666666667,4.444444444,3.333333333,2.222222222,1.111111111,2.222222222,-3.888888889,-6.666666667,-6.111111111,-1.666666667,1.111111111,-6.666666667,-6.111111111,-6.111111111,-8.333333333,-10,-11.11111111,-10,-9.444444444,-7.222222222,-2.222222222,-3.888888889,-9.444444444,-12.77777778,-15.55555556,-12.22222222,-13.33333333,-11.11111111,-7.777777778,-5.555555556,-2.777777778,-1.666666667,-1.666666667,0,-2.222222222,0,-2.222222222,-1.666666667,-5.555555556,-1.666666667,-1.111111111,0.555555556,0.555555556,-2.777777778,-3.333333333,-1.666666667,-0.555555556,-2.777777778,-1.111111111,-1.666666667,2.222222222,3.333333333,1.666666667,1.111111111,0.555555556,-0.555555556,0,2.222222222,6.666666667,5.555555556,3.888888889,4.444444444,3.888888889,1.111111111,3.333333333,1.111111111,5.555555556,-0.555555556,0,0.555555556,5,2.777777778,8.888888889,7.777777778,6.111111111
1985,130,13.88888889,12.22222222,13.88888889,15.55555556,7.777777778,8.333333333,3.888888889,4.444444444,7.222222222,10.55555556,13.33333333,14.44444444,10,11.66666667,11.11111111,2.222222222,3.333333333,3.333333333,3.888888889,5,12.22222222,7.777777778,10.55555556,12.22222222,16.66666667,15,2.222222222,1.666666667,2.222222222,6.111111111,6.111111111,6.666666667,2.222222222,3.333333333,3.888888889,3.333333333,3.333333333,6.111111111,7.777777778,8.333333333,10,8.333333333,10,6.111111111,5.555555556,6.111111111,10,11.66666667,10.55555556,12.22222222,12.77777778,13.88888889,12.22222222,7.222222222,8.333333333,8.888888889,12.22222222,11.11111111,12.77777778,4.444444444,6.111111111,7.222222222,9.444444444,-3.333333333,-1.666666667,2.777777778,3.333333333,-0.555555556,-6.111111111,-4.444444444,0,4.444444444,1.111111111,-0.555555556,-0.555555556,-4.444444444,-2.777777778,-3.333333333,-3.333333333,-2.222222222,-9.444444444,-7.777777778,-8.888888889,-10,-7.777777778,-3.333333333,-4.444444444,-3.333333333,-2.222222222,-2.777777778,-5.555555556,-5,-1.111111111,-1.111111111,-4.444444444,-4.444444444,-4.444444444,-9.444444444,-10.55555556,-10.55555556,-4.444444444,0,-3.333333333,-2.777777778,0,2.222222222,2.222222222,2.222222222,3.888888889,0.555555556,-0.555555556,-1.111111111,-0.555555556,-6.666666667,-6.666666667,-4.444444444,-9.444444444,-4.444444444,-3.333333333,-1.111111111,7.777777778,-2.777777778,-0.555555556,1.666666667,-3.333333333,-4.444444444,-4.444444444,-4.444444444,-5,-5.555555556,-12.77777778,-12.77777778,-11.11111111,-11.11111111,-10,-8.333333333,-8.333333333,-12.77777778,-12.77777778,-8.333333333,-6.111111111,-19.44444444,-21.11111111,-27.77777778,-13.33333333,-10.55555556,-5,-11.11111111,-10,-11.11111111,-7.777777778,-12.22222222,-11.66666667,-5.555555556,-5.555555556,-12.22222222,-19.44444444,-18.33333333,-11.11111111,-8.333333333,-13.88888889,-13.33333333,-10,-10,-6.111111111,-4.444444444,-8.333333333,-10.55555556,-13.33333333,-11.66666667,-7.222222222,-5,-7.777777778,-7.777777778,-6.111111111,4.444444444,6.111111111,6.111111111,3.333333333,3.888888889,-8.333333333,-3.888888889,-4.444444444,-3.888888889,-1.666666667,-0.555555556,-0.555555556,-8.333333333,-5,1.666666667,-1.111111111,-0.555555556,1.666666667,3.333333333,2.777777778,-0.555555556,-2.777777778,0,-5,-9.444444444,-4.444444444,-2.222222222,-2.222222222,-0.555555556,0,0.555555556,-3.333333333,-1.111111111,5,12.22222222,6.666666667,3.333333333,3.333333333,1.111111111,-4.444444444,-1.111111111,2.777777778,1.666666667,0,-1.666666667,-3.333333333,-7.777777778,-3.333333333,3.333333333,5,5.555555556,7.777777778,10,3.888888889,2.222222222,4.444444444,12.22222222,9.444444444,13.88888889,15,9.444444444,8.333333333,7.222222222,13.33333333,7.777777778,5,6.111111111
1986,132,10.55555556,13.88888889,15.55555556,17.77777778,20,19.44444444,21.11111111,21.11111111,19.44444444,19.44444444,15.55555556,6.666666667,5.555555556,6.111111111,5.555555556,5.555555556,6.111111111,7.777777778,8.888888889,11.66666667,11.11111111,12.77777778,15.55555556,16.66666667,6.666666667,6.111111111,8.333333333,11.11111111,6.666666667,7.222222222,7.777777778,10.55555556,10.55555556,10.55555556,11.66666667,6.666666667,2.222222222,2.777777778,3.333333333,9.444444444,11.66666667,3.333333333,5,4.444444444,11.66666667,8.888888889,3.333333333,3.333333333,7.222222222,11.66666667,7.222222222,7.222222222,8.888888889,10.55555556,12.22222222,3.333333333,2.777777778,4.444444444,-2.777777778,-0.555555556,2.222222222,7.222222222,6.666666667,6.666666667,8.333333333,9.444444444,8.888888889,2.222222222,3.333333333,0.555555556,4.444444444,8.888888889,7.777777778,7.777777778,11.66666667,6.666666667,0.555555556,0.555555556,1.111111111,2.222222222,9.444444444,5.555555556,-0.555555556,-1.111111111,-1.666666667,-1.666666667,0,1.111111111,1.111111111,1.666666667,1.666666667,2.777777778,2.777777778,-6.111111111,-5.555555556,-6.666666667,-2.777777778,-2.222222222,-4.444444444,-2.222222222,-1.111111111,-1.111111111,4.444444444,0,-2.222222222,-11.66666667,-10.55555556,-4.444444444,-6.666666667,-15.55555556,-15.55555556,-10,-14.44444444,-11.11111111,-2.777777778,-6.111111111,-16.11111111,-16.11111111,-7.222222222,-7.222222222,-7.777777778,-7.777777778,-5,-6.666666667,-3.333333333,-2.222222222,-5,-4.444444444,-8.333333333,-10,-12.22222222,-12.22222222,-5.555555556,-5.555555556,-5.555555556,-10,-14.44444444,-15,-15,-6.111111111,5,1.666666667,0,-2.777777778,-4.444444444,-7.777777778,-7.777777778,-5,-4.444444444,-15.55555556,-15.55555556,-12.22222222,-8.888888889,-7.222222222,-3.888888889,-3.333333333,-3.333333333,-0.555555556,0.555555556,-8.888888889,-8.888888889,-6.666666667,-4.444444444,-6.666666667,-13.88888889,-17.77777778,-15.55555556,-11.11111111,-12.22222222,-6.666666667,-2.222222222,0,0.555555556,0,-4.444444444,-4.444444444,-5.555555556,-6.666666667,-10.55555556,-7.222222222,-11.11111111,-9.444444444,-6.111111111,-6.111111111,-3.333333333,-2.777777778,-3.888888889,-6.666666667,-14.44444444,-12.77777778,-7.777777778,6.111111111,-3.333333333,0,1.111111111,3.333333333,2.777777778,2.222222222,-3.333333333,0,2.777777778,-11.11111111,-10,-6.666666667,-1.111111111,-0.555555556,1.666666667,0.555555556,-2.777777778,2.222222222,6.666666667,11.11111111,5.555555556,10,4.444444444,7.222222222,8.333333333,5.555555556,5,7.777777778,2.222222222,1.111111111,0,0.555555556,1.111111111,-1.666666667,4.444444444,5.555555556,3.888888889,5,2.222222222,7.222222222,11.11111111,5.555555556,-0.555555556,0,7.777777778,7.222222222,8.333333333,8.333333333,10.55555556,6.111111111
1987,132,10,12.22222222,14.44444444,16.11111111,16.66666667,12.22222222,10.55555556,10,4.444444444,7.222222222,8.333333333,16.66666667,10,11.66666667,8.333333333,10,2.777777778,3.333333333,5,11.66666667,12.77777778,13.33333333,14.44444444,17.22222222,18.33333333,15,15.55555556,13.88888889,13.88888889,17.77777778,17.77777778,16.66666667,15,15,15.55555556,9.444444444,1.666666667,1.666666667,2.777777778,2.222222222,-0.555555556,3.888888889,3.333333333,13.33333333,3.333333333,1.666666667,1.666666667,4.444444444,-1.111111111,1.111111111,1.111111111,1.666666667,8.888888889,8.888888889,5.555555556,6.666666667,8.888888889,7.222222222,2.777777778,4.444444444,0,1.111111111,3.888888889,-2.222222222,-0.555555556,0.555555556,0.555555556,1.111111111,3.333333333,8.333333333,1.111111111,-0.555555556,-2.222222222,-1.111111111,-10,-8.888888889,-4.444444444,0.555555556,2.777777778,-1.111111111,-6.666666667,-5.555555556,-1.111111111,-3.333333333,-2.777777778,-3.888888889,-2.777777778,2.777777778,-2.222222222,-2.222222222,-2.222222222,-6.111111111,-4.444444444,0,1.111111111,-1.666666667,-8.333333333,-7.777777778,-1.111111111,3.333333333,3.333333333,-2.777777778,-5,-6.111111111,-12.77777778,-12.77777778,-4.444444444,-4.444444444,-0.555555556,0.555555556,-3.333333333,-3.333333333,-7.777777778,-8.333333333,-7.777777778,-1.111111111,0.555555556,0,-1.666666667,-7.777777778,-7.777777778,-4.444444444,-5,-3.888888889,-1.111111111,-7.777777778,-8.333333333,-9.444444444,-8.888888889,-2.777777778,-1.111111111,-2.222222222,-1.666666667,-2.777777778,-0.555555556,-3.888888889,-0.555555556,0.555555556,-7.777777778,-7.777777778,-3.888888889,-1.666666667,-3.888888889,-6.111111111,-6.111111111,-17.77777778,-17.22222222,-14.44444444,-18.33333333,-18.33333333,-18.33333333,-6.111111111,-2.777777778,-6.666666667,-5.555555556,1.111111111,0,-6.666666667,-7.222222222,-4.444444444,-5.555555556,-6.666666667,-8.888888889,-5,-3.333333333,-4.444444444,-7.777777778,-15,-15.55555556,-14.44444444,-7.222222222,-8.333333333,-7.777777778,-6.666666667,-6.111111111,-5,-1.666666667,-5.555555556,-6.111111111,-4.444444444,-2.777777778,-1.666666667,4.444444444,-2.222222222,-5.555555556,-8.333333333,-6.111111111,-3.888888889,5.555555556,6.666666667,-11.66666667,-11.11111111,-8.888888889,-5,-7.222222222,-2.777777778,-3.333333333,-4.444444444,-2.777777778,-1.666666667,-1.666666667,-1.111111111,1.111111111,2.777777778,1.111111111,2.222222222,3.333333333,3.333333333,8.333333333,5,8.333333333,10.55555556,-5,-2.777777778,-0.555555556,-0.555555556,0,-0.555555556,0,5,0,1.111111111,4.444444444,3.333333333,6.111111111,3.333333333,6.111111111,4.444444444,5,7.222222222,10.55555556,12.77777778,12.22222222,11.11111111,8.888888889,8.888888889,5.555555556,2.777777778,0.555555556,2.222222222,2.222222222,2.777777778
1988,136,14.44444444,8.333333333,11.66666667,11.66666667,9.444444444,12.22222222,13.88888889,17.77777778,16.66666667,15,15,16.11111111,18.88888889,16.11111111,13.33333333,12.77777778,16.66666667,17.22222222,12.22222222,12.22222222,12.22222222,10.55555556,11.11111111,9.444444444,7.222222222,3.888888889,5,9.444444444,11.11111111,11.66666667,8.888888889,2.777777778,3.888888889,1.666666667,0,2.777777778,3.888888889,2.777777778,-1.666666667,-1.666666667,8.333333333,1.666666667,0.555555556,0,-1.111111111,-0.555555556,3.888888889,5.555555556,3.888888889,4.444444444,8.333333333,-1.111111111,1.666666667,1.111111111,2.222222222,-2.222222222,-1.666666667,1.111111111,-2.222222222,-3.888888889,-0.555555556,1.666666667,4.444444444,5,5.555555556,7.222222222,0,1.666666667,2.777777778,6.666666667,0.555555556,-5.555555556,-4.444444444,-2.777777778,0,1.111111111,0,2.222222222,10,0.555555556,0.555555556,-7.222222222,-8.888888889,-8.333333333,-7.222222222,1.111111111,6.111111111,0,0,1.111111111,4.444444444,-0.555555556,0,-1.666666667,-1.111111111,-1.666666667,-1.666666667,-5,-3.888888889,-2.222222222,0,2.222222222,0,0,0,1.111111111,0.555555556,-1.111111111,-3.888888889,-5,-1.111111111,1.666666667,-5.555555556,-5,-1.111111111,-0.555555556,4.444444444,-3.333333333,-2.777777778,-3.333333333,-15.55555556,-11.66666667,-11.11111111,-6.111111111,-11.66666667,-9.444444444,-14.44444444,-16.66666667,-14.44444444,-13.33333333,-10,-11.66666667,-18.88888889,-16.66666667,-12.22222222,-12.77777778,-16.66666667,-15,-13.33333333,-3.888888889,-2.222222222,-1.111111111,-1.111111111,-2.222222222,-7.222222222,-7.222222222,-3.888888889,-8.333333333,-15,-14.44444444,-12.77777778,-10,-7.777777778,-5.555555556,6.666666667,-2.777777778,-2.777777778,-7.777777778,-14.44444444,-18.88888889,-15,-11.66666667,-11.11111111,-5,-5,-9.444444444,-10,-8.888888889,-1.666666667,-5,-2.777777778,-1.666666667,0.555555556,-6.666666667,-10,-7.222222222,-3.333333333,-5.555555556,-6.111111111,-5.555555556,-1.666666667,-6.666666667,-3.888888889,-5,-2.222222222,3.888888889,-4.444444444,-6.111111111,-2.222222222,-2.222222222,-1.111111111,1.111111111,-4.444444444,-1.666666667,1.666666667,-1.666666667,-5.555555556,-4.444444444,-2.222222222,-2.777777778,-3.333333333,-3.333333333,-6.111111111,-9.444444444,-6.111111111,0,9.444444444,10,6.111111111,0,1.111111111,3.333333333,6.666666667,7.222222222,5.555555556,9.444444444,9.444444444,7.222222222,10,5,5,3.333333333,4.444444444,3.333333333,2.777777778,0,-1.666666667,-0.555555556,0,1.111111111,3.888888889,-0.555555556,0,2.222222222,-1.111111111,1.666666667,6.666666667,0.555555556,2.777777778,3.888888889,2.222222222,1.666666667
1989,142,10.55555556,10.55555556,10.55555556,13.33333333,16.11111111,6.111111111,8.888888889,6.111111111,7.222222222,13.33333333,10.55555556,7.222222222,8.888888889,8.333333333,10.55555556,5.555555556,9.444444444,11.66666667,15,16.66666667,14.44444444,13.88888889,13.33333333,12.22222222,8.888888889,8.333333333,7.777777778,8.333333333,8.888888889,8.888888889,11.66666667,13.33333333,11.11111111,11.11111111,6.666666667,2.222222222,0.555555556,2.222222222,-2.222222222,-0.555555556,3.888888889,3.333333333,0,-2.222222222,0.555555556,1.666666667,5.555555556,5.555555556,2.777777778,1.111111111,2.222222222,5,6.111111111,5.555555556,3.888888889,0.555555556,-4.444444444,-2.777777778,-1.111111111,-1.666666667,-5.555555556,-4.444444444,0.555555556,-0.555555556,2.222222222,5.555555556,4.444444444,2.777777778,-1.666666667,1.111111111,0.555555556,3.333333333,-3.888888889,-2.777777778,4.444444444,3.888888889,3.888888889,7.222222222,0,-0.555555556,2.222222222,2.777777778,-3.888888889,-5.555555556,-5,-3.888888889,-1.111111111,0,6.666666667,1.666666667,-3.888888889,-2.222222222,-4.444444444,-2.222222222,-1.666666667,-2.222222222,-3.888888889,-2.777777778,0,-2.222222222,-8.333333333,-7.777777778,-16.66666667,-16.66666667,-12.77777778,-6.111111111,-8.888888889,-10.55555556,-10,-8.888888889,-8.333333333,-2.777777778,-3.888888889,-5,-2.222222222,-0.555555556,-4.444444444,-4.444444444,-1.111111111,-6.111111111,-6.666666667,-6.666666667,-3.888888889,-2.222222222,-3.888888889,-5.555555556,-12.77777778,-9.444444444,-7.222222222,-5.555555556,-0.555555556,-5.555555556,-6.666666667,-4.444444444,-0.555555556,-10.55555556,-9.444444444,-1.111111111,-4.444444444,-5,-2.777777778,-1.666666667,-8.333333333,-10,-8.888888889,-5.555555556,-1.111111111,0,0,-5.555555556,-5,4.444444444,0,-0.555555556,5.555555556,3.888888889,-8.888888889,-8.888888889,-6.666666667,-5,-8.888888889,-11.11111111,-11.66666667,-9.444444444,-6.111111111,-8.888888889,-6.666666667,0,0.555555556,-7.777777778,-7.222222222,-8.888888889,-7.222222222,0,2.222222222,-2.222222222,-9.444444444,-11.11111111,-10.55555556,-2.222222222,-5.555555556,-6.111111111,-4.444444444,-4.444444444,-2.777777778,0,-6.111111111,-10,-12.22222222,-11.66666667,-8.888888889,-6.666666667,-5,-7.222222222,-6.111111111,0,2.222222222,-1.666666667,1.666666667,-3.333333333,-6.111111111,-3.333333333,-6.111111111,-6.111111111,-2.777777778,0,1.666666667,3.888888889,7.222222222,16.11111111,7.222222222,5.555555556,1.666666667,-2.222222222,-0.555555556,5,11.11111111,6.666666667,-1.111111111,-1.111111111,1.666666667,-1.111111111,-5,-3.333333333,-1.666666667,-3.888888889,-2.777777778,6.666666667,2.222222222,3.888888889,5,2.222222222,3.333333333,3.333333333,-3.333333333,-1.111111111,1.111111111,8.333333333,6.666666667,6.666666667,7.222222222,8.888888889
1990,137,15,16.66666667,11.11111111,11.66666667,10,11.11111111,13.33333333,13.88888889,15.55555556,16.66666667,19.44444444,17.22222222,16.66666667,17.77777778,20,16.11111111,13.33333333,14.44444444,13.88888889,13.88888889,16.66666667,19.44444444,20,2.222222222,2.222222222,3.333333333,2.222222222,0.555555556,1.111111111,5.555555556,8.888888889,10,16.11111111,5,3.333333333,4.444444444,10,-0.555555556,1.111111111,-0.555555556,-0.555555556,3.333333333,3.333333333,10,12.22222222,11.66666667,12.77777778,9.444444444,3.888888889,4.444444444,-1.111111111,0.555555556,0,1.666666667,1.666666667,6.111111111,7.222222222,7.222222222,8.888888889,5.555555556,7.777777778,6.111111111,1.111111111,1.666666667,-5,-3.888888889,0.555555556,2.777777778,3.888888889,8.333333333,-1.111111111,-3.333333333,-1.666666667,-2.222222222,-1.111111111,6.111111111,11.66666667,-2.222222222,-6.111111111,-7.777777778,-6.666666667,-1.666666667,-6.666666667,-6.666666667,-10.55555556,-7.777777778,-5.555555556,-1.111111111,-0.555555556,-1.666666667,-9.444444444,-3.888888889,-6.111111111,-6.111111111,-9.444444444,-9.444444444,-3.888888889,-2.222222222,-6.666666667,-11.66666667,-13.33333333,-10.55555556,-6.666666667,-4.444444444,-12.77777778,-12.77777778,-13.33333333,-13.88888889,-14.44444444,-16.66666667,-14.44444444,-13.88888889,-17.77777778,-17.77777778,-16.11111111,-15.55555556,-12.22222222,-17.77777778,-15.55555556,-9.444444444,-6.111111111,-2.777777778,-2.222222222,-5.555555556,-4.444444444,-4.444444444,0,-1.111111111,-6.666666667,-5.555555556,-5,-5.555555556,0.555555556,0,-5,-7.777777778,-3.888888889,-2.222222222,0,2.222222222,-1.666666667,-2.777777778,-2.222222222,0.555555556,-0.555555556,0,2.222222222,0,-6.111111111,-5,0.555555556,0,-4.444444444,-4.444444444,-3.888888889,2.222222222,0.555555556,-6.666666667,-7.222222222,-1.666666667,-0.555555556,-0.555555556,1.666666667,-5.555555556,-5,-3.888888889,-3.333333333,1.666666667,1.111111111,1.666666667,-8.888888889,-8.333333333,-5,-8.888888889,-7.777777778,-1.111111111,-1.666666667,-10,-15.55555556,-14.44444444,-6.666666667,-7.777777778,-6.666666667,-2.222222222,-7.222222222,-5.555555556,-1.666666667,-11.66666667,-10.55555556,-7.777777778,-0.555555556,2.777777778,7.777777778,11.66666667,12.22222222,10,13.33333333,15,6.111111111,0,-0.555555556,-2.222222222,-1.666666667,2.777777778,-4.444444444,-4.444444444,-1.666666667,-5.555555556,-7.777777778,-2.222222222,2.222222222,1.666666667,2.222222222,5,2.222222222,1.666666667,1.111111111,3.333333333,-0.555555556,-5,-3.333333333,-1.666666667,7.777777778,-0.555555556,-6.111111111,-5.555555556,-0.555555556,3.333333333,3.333333333,0,-1.111111111,1.111111111,6.666666667,6.666666667,8.333333333,9.444444444,7.222222222,8.888888889,16.11111111,15,14.44444444,10.55555556
1991,133,12.77777778,13.88888889,17.77777778,13.33333333,12.77777778,13.88888889,16.66666667,13.88888889,12.77777778,12.77777778,13.88888889,15.55555556,18.33333333,15.55555556,15,7.777777778,7.222222222,1.666666667,2.777777778,7.222222222,5,6.111111111,6.666666667,4.444444444,4.444444444,5.555555556,7.222222222,7.222222222,8.888888889,13.33333333,5,5,3.333333333,4.444444444,6.666666667,8.888888889,10,10.55555556,15.55555556,15.55555556,15.55555556,15,15.55555556,16.11111111,11.11111111,4.444444444,5,7.222222222,5.555555556,-2.222222222,-2.222222222,1.666666667,7.222222222,9.444444444,7.777777778,4.444444444,-3.888888889,-3.333333333,2.222222222,-3.333333333,-2.222222222,4.444444444,5,6.111111111,6.111111111,5.555555556,5.555555556,-2.777777778,-1.666666667,-4.444444444,-2.222222222,1.666666667,-1.666666667,-1.666666667,-3.888888889,-3.333333333,1.111111111,5,-2.222222222,-5.555555556,-4.444444444,-2.222222222,-2.222222222,-0.555555556,2.777777778,1.666666667,3.333333333,2.777777778,3.333333333,3.333333333,-1.111111111,-7.222222222,-3.888888889,-1.111111111,-2.222222222,-3.888888889,-5,-5,-5,-1.666666667,-0.555555556,-3.333333333,-5.555555556,-5.555555556,-6.111111111,-6.666666667,-2.222222222,-3.333333333,-3.333333333,2.777777778,-2.777777778,-1.666666667,1.111111111,6.111111111,2.777777778,-12.22222222,-11.66666667,-8.888888889,-8.333333333,-6.666666667,-2.777777778,1.111111111,-10,-9.444444444,-7.222222222,-6.111111111,-8.888888889,-7.777777778,-2.777777778,-11.11111111,-11.11111111,-4.444444444,-6.111111111,-6.111111111,-3.333333333,-9.444444444,-8.333333333,-3.888888889,-1.111111111,-0.555555556,-4.444444444,-1.111111111,-1.111111111,-12.77777778,-14.44444444,-12.77777778,-11.11111111,-13.33333333,-10,-6.666666667,-4.444444444,-3.888888889,-1.666666667,-8.333333333,-8.333333333,-6.666666667,0.555555556,2.222222222,3.888888889,5,2.222222222,-2.777777778,-2.222222222,-2.777777778,-8.333333333,-7.777777778,-3.333333333,-3.888888889,-12.22222222,-12.22222222,-6.111111111,-1.666666667,1.666666667,-3.333333333,0,-5,-9.444444444,-6.666666667,-2.222222222,-7.777777778,-6.111111111,-2.222222222,0,6.111111111,8.333333333,0,-1.111111111,1.666666667,-2.222222222,-5.555555556,-3.888888889,-2.777777778,-8.333333333,-5.555555556,-3.333333333,-1.666666667,-4.444444444,-3.333333333,1.666666667,2.222222222,2.777777778,3.333333333,4.444444444,3.333333333,2.222222222,3.888888889,-3.888888889,-0.555555556,5,5.555555556,-3.333333333,-4.444444444,-2.222222222,-2.777777778,-5,-1.666666667,3.333333333,6.666666667,8.333333333,9.444444444,12.77777778,13.88888889,1.111111111,0.555555556,-0.555555556,2.222222222,2.222222222,2.222222222,8.333333333,5,5,2.777777778,2.777777778,2.777777778,2.222222222,4.444444444,7.222222222,6.666666667,6.111111111,8.888888889,8.888888889,8.333333333
1992,136,10,7.777777778,8.888888889,10.55555556,14.44444444,15,11.66666667,13.33333333,13.88888889,15,16.11111111,12.77777778,8.333333333,10,17.77777778,17.22222222,18.33333333,18.88888889,17.77777778,7.777777778,4.444444444,2.222222222,3.333333333,7.777777778,6.666666667,7.777777778,2.777777778,0.555555556,2.222222222,4.444444444,5,11.66666667,12.22222222,13.33333333,13.88888889,8.333333333,2.222222222,0,1.666666667,1.111111111,3.888888889,2.777777778,4.444444444,-1.666666667,-0.555555556,6.111111111,4.444444444,4.444444444,3.333333333,-2.222222222,-3.333333333,-2.777777778,0.555555556,7.777777778,8.888888889,9.444444444,13.33333333,10.55555556,1.111111111,0,2.222222222,7.222222222,7.222222222,-2.222222222,-2.222222222,-7.777777778,-7.222222222,-5.555555556,-0.555555556,-4.444444444,-4.444444444,-0.555555556,-1.111111111,-1.111111111,0.555555556,1.111111111,7.222222222,-2.777777778,-4.444444444,-4.444444444,2.222222222,7.777777778,13.88888889,9.444444444,4.444444444,-1.666666667,-6.666666667,-10,-9.444444444,-2.777777778,5.555555556,7.222222222,6.666666667,1.666666667,-2.222222222,-10,-10,-6.666666667,-3.888888889,2.777777778,2.777777778,-4.444444444,-3.333333333,0.555555556,-1.111111111,-3.333333333,-8.333333333,-8.888888889,-6.111111111,-11.11111111,-12.22222222,-11.11111111,-4.444444444,-4.444444444,-2.222222222,-5,-8.333333333,-7.777777778,-6.666666667,-6.666666667,0,-8.333333333,-10,-9.444444444,0,2.777777778,4.444444444,-1.666666667,-2.777777778,-4.444444444,-4.444444444,-2.222222222,-1.111111111,-6.111111111,-5.555555556,-0.555555556,-8.333333333,-11.11111111,-14.44444444,-11.11111111,-15.55555556,-16.66666667,-11.11111111,-10.55555556,-5.555555556,-1.111111111,-10,-9.444444444,-13.33333333,-13.88888889,-8.888888889,-5.555555556,-5,-2.222222222,-8.888888889,-6.111111111,-5,-3.333333333,-8.888888889,-9.444444444,-5.555555556,-9.444444444,-15,-13.88888889,-10.55555556,-11.11111111,-8.333333333,-0.555555556,-0.555555556,-3.888888889,-3.888888889,0,1.666666667,-1.111111111,-1.666666667,-2.222222222,0.555555556,0.555555556,0,-2.222222222,0,-6.111111111,-9.444444444,-5.555555556,1.666666667,1.111111111,0.555555556,1.666666667,2.222222222,3.333333333,5.555555556,6.111111111,-3.888888889,-6.666666667,-10.55555556,-9.444444444,-8.333333333,-11.66666667,-10.55555556,-5.555555556,-1.111111111,-5.555555556,-3.888888889,-6.111111111,-4.444444444,-8.888888889,-5.555555556,-1.111111111,2.777777778,0,-2.222222222,1.111111111,3.333333333,-1.666666667,-1.666666667,-3.888888889,-5,-1.111111111,-1.111111111,0,5.555555556,3.333333333,4.444444444,7.222222222,6.111111111,-3.333333333,-2.777777778,1.666666667,2.222222222,5.555555556,6.666666667,3.333333333,3.333333333,5,12.22222222,8.888888889,11.11111111,6.666666667,3.888888889,4.444444444,5,1.111111111
1993,132,11.11111111,8.888888889,11.11111111,15.55555556,16.11111111,15.55555556,14.44444444,16.11111111,16.11111111,16.66666667,12.22222222,7.777777778,5.555555556,7.777777778,7.222222222,8.888888889,13.88888889,13.88888889,13.33333333,7.222222222,8.888888889,15.55555556,7.777777778,2.222222222,2.777777778,4.444444444,11.11111111,10,7.222222222,1.666666667,2.222222222,3.333333333,3.333333333,7.777777778,4.444444444,-0.555555556,-0.555555556,0,2.777777778,6.666666667,7.222222222,4.444444444,5,2.777777778,4.444444444,6.111111111,3.888888889,-1.666666667,-0.555555556,-5.555555556,-5,1.111111111,-1.111111111,-1.111111111,2.222222222,-2.777777778,1.111111111,1.111111111,1.666666667,4.444444444,3.333333333,2.777777778,2.777777778,1.666666667,4.444444444,5.555555556,0,0.555555556,-2.777777778,-6.666666667,-6.111111111,-3.333333333,4.444444444,3.333333333,-2.777777778,-4.444444444,-7.222222222,-7.222222222,-2.222222222,1.111111111,0,-0.555555556,2.777777778,10,2.777777778,2.777777778,7.222222222,1.666666667,-1.666666667,1.666666667,-1.111111111,-0.555555556,-6.666666667,-5,-6.111111111,-5.555555556,-7.777777778,-5.555555556,-1.111111111,-3.333333333,-2.777777778,-3.333333333,0.555555556,-1.111111111,-3.333333333,-7.777777778,-4.444444444,-1.111111111,-1.111111111,-5,-1.111111111,-6.666666667,-5.555555556,-3.888888889,-5,-12.22222222,-10.55555556,-13.88888889,-13.33333333,-5,-5.555555556,2.222222222,2.222222222,-8.333333333,-7.777777778,-2.777777778,1.666666667,-2.777777778,-2.222222222,-0.555555556,-4.444444444,-6.111111111,-6.666666667,-6.666666667,-2.222222222,-0.555555556,-2.222222222,-3.888888889,-5.555555556,-5,-9.444444444,-9.444444444,-9.444444444,-6.111111111,-1.111111111,-3.333333333,-3.888888889,-8.888888889,-10,-9.444444444,-10,-8.888888889,-7.222222222,-1.666666667,-13.88888889,-13.33333333,-3.888888889,-3.888888889,-5,-15,-13.33333333,-11.11111111,-9.444444444,-5,-5,-5.555555556,-3.888888889,-10.55555556,-5.555555556,-3.333333333,-11.11111111,-18.88888889,-18.88888889,-11.11111111,-8.333333333,-5,-10.55555556,-15.55555556,-13.88888889,-10,-12.77777778,-10.55555556,-6.111111111,-3.333333333,0,-0.555555556,-2.222222222,-6.666666667,-2.777777778,-0.555555556,-3.888888889,-3.333333333,-8.888888889,-6.666666667,-11.11111111,-17.77777778,-12.77777778,-10,-12.22222222,-16.66666667,-12.77777778,-6.111111111,-2.222222222,0.555555556,0,1.111111111,-1.666666667,-1.111111111,5.555555556,7.222222222,8.333333333,3.333333333,6.666666667,6.111111111,-0.555555556,-2.222222222,-1.666666667,0,-1.111111111,0.555555556,1.666666667,3.333333333,2.222222222,3.333333333,2.777777778,1.666666667,2.777777778,6.111111111,4.444444444,-1.111111111,1.111111111,5.555555556,10,2.222222222,-0.555555556,-0.555555556,3.333333333,8.888888889,0,-0.555555556,2.777777778,2.777777778
1994,142,17.22222222,18.88888889,18.88888889,18.88888889,15,12.22222222,15,14.44444444,15,16.11111111,6.666666667,4.444444444,7.222222222,12.22222222,13.33333333,13.33333333,12.77777778,11.66666667,7.777777778,4.444444444,4.444444444,10,9.444444444,8.333333333,4.444444444,8.333333333,12.77777778,8.333333333,7.777777778,3.333333333,-2.222222222,-2.777777778,6.111111111,3.333333333,5,1.111111111,1.666666667,3.333333333,7.222222222,3.333333333,-1.666666667,1.666666667,6.111111111,3.333333333,4.444444444,4.444444444,6.666666667,10.55555556,8.333333333,8.333333333,10.55555556,4.444444444,1.666666667,0.555555556,1.111111111,4.444444444,8.333333333,3.333333333,1.111111111,1.666666667,2.777777778,1.666666667,-2.222222222,0.555555556,-0.555555556,1.666666667,5,-1.666666667,-5,-4.444444444,-2.222222222,-2.777777778,0,3.333333333,4.444444444,9.444444444,5.555555556,3.888888889,4.444444444,-0.555555556,3.888888889,-5.555555556,-4.444444444,-1.111111111,0,0,-5,-4.444444444,1.111111111,-1.111111111,-2.777777778,-5.555555556,-5.555555556,-0.555555556,1.111111111,5,-2.777777778,-2.777777778,-1.666666667,-3.333333333,-2.777777778,-7.222222222,-7.777777778,-7.222222222,-1.111111111,0,3.333333333,-6.111111111,-5.555555556,-1.111111111,0.555555556,-0.555555556,-2.222222222,-4.444444444,-7.222222222,-8.888888889,-11.11111111,-11.66666667,-11.11111111,-11.66666667,-10,-12.77777778,-11.11111111,-6.666666667,-2.222222222,-3.888888889,-5.555555556,-11.11111111,-9.444444444,-5,-12.77777778,-15,-14.44444444,-8.333333333,-5.555555556,-1.666666667,-17.77777778,-22.22222222,-22.22222222,-12.77777778,-27.77777778,-27.77777778,-22.77777778,-24.44444444,-11.11111111,-7.222222222,-2.222222222,-2.222222222,-11.66666667,-12.77777778,-2.222222222,-3.333333333,-10,-10.55555556,-15.55555556,-15.55555556,-12.77777778,-10.55555556,-7.222222222,-7.222222222,-6.666666667,-10.55555556,-13.33333333,-13.33333333,-10.55555556,-5,-3.888888889,-10,-9.444444444,-6.666666667,-5.555555556,-4.444444444,-2.777777778,2.222222222,0,-3.888888889,-3.333333333,-5.555555556,-6.666666667,-15,-15,-13.33333333,-6.111111111,-5,-1.111111111,2.777777778,-3.888888889,-2.777777778,-1.666666667,-2.777777778,-3.888888889,-3.888888889,-6.666666667,-5,-1.666666667,1.111111111,-0.555555556,-8.888888889,-7.777777778,-2.222222222,-1.666666667,-1.111111111,0.555555556,1.666666667,5,7.777777778,-1.666666667,-1.111111111,2.222222222,0,0,-2.222222222,1.666666667,3.888888889,7.222222222,0,0.555555556,1.111111111,6.111111111,-4.444444444,-1.666666667,1.666666667,3.888888889,4.444444444,6.666666667,5.555555556,9.444444444,8.888888889,4.444444444,3.333333333,5.555555556,7.222222222,7.222222222,0.555555556,0.555555556,1.666666667,5.555555556,11.11111111,11.11111111,15,10.55555556,11.66666667
1995,140,14.44444444,11.11111111,10,12.22222222,10,7.777777778,9.444444444,8.333333333,10,10,7.777777778,6.111111111,7.777777778,12.77777778,16.11111111,18.88888889,15.55555556,13.88888889,7.777777778,7.222222222,7.777777778,8.333333333,11.66666667,11.66666667,11.66666667,16.11111111,16.66666667,11.11111111,9.444444444,5,5,10,5,2.777777778,3.333333333,1.666666667,2.222222222,3.333333333,4.444444444,7.222222222,1.111111111,0.555555556,0.555555556,3.333333333,7.222222222,2.777777778,2.222222222,2.777777778,3.333333333,7.777777778,10,5.555555556,7.222222222,3.333333333,4.444444444,0.555555556,2.222222222,-1.111111111,-0.555555556,0,6.666666667,10.55555556,5,1.666666667,2.777777778,8.333333333,10.55555556,5.555555556,1.111111111,3.888888889,2.777777778,-1.666666667,-3.333333333,0,5,6.666666667,4.444444444,2.777777778,3.888888889,5,3.333333333,1.666666667,5,-2.777777778,-6.111111111,-4.444444444,-2.777777778,-3.888888889,-2.777777778,0,0.555555556,-2.777777778,-5.555555556,-3.333333333,-1.666666667,5,10,5.555555556,-2.222222222,-5.555555556,-5.555555556,0,-8.333333333,-7.777777778,-6.111111111,-1.111111111,-0.555555556,-0.555555556,-1.666666667,-1.111111111,-3.333333333,-4.444444444,-4.444444444,-3.888888889,4.444444444,2.777777778,1.666666667,-4.444444444,-3.888888889,-2.222222222,-9.444444444,-9.444444444,-8.888888889,-9.444444444,-10.55555556,-9.444444444,-13.88888889,-13.33333333,-11.11111111,-2.777777778,-3.888888889,-7.777777778,-6.666666667,-4.444444444,0.555555556,2.222222222,7.222222222,8.333333333,2.777777778,1.111111111,3.333333333,2.222222222,1.111111111,-4.444444444,-6.111111111,-5,-2.777777778,-5.555555556,-8.333333333,-8.888888889,-11.11111111,-10,-6.111111111,-5.555555556,-2.222222222,-11.66666667,-11.66666667,-11.11111111,-18.33333333,-17.22222222,-16.11111111,-13.88888889,-10.55555556,-6.111111111,-16.11111111,-15,-12.22222222,-9.444444444,-5.555555556,-3.333333333,-5.555555556,-6.111111111,-3.888888889,-1.111111111,-6.666666667,-6.111111111,-1.111111111,-8.333333333,-5.555555556,-5,-4.444444444,-1.111111111,-4.444444444,-5.555555556,-5.555555556,-1.666666667,0,3.333333333,6.111111111,-7.777777778,-10,-10,-3.333333333,0.555555556,1.666666667,3.333333333,5,6.666666667,-0.555555556,0,2.777777778,4.444444444,2.777777778,0,0.555555556,-1.666666667,1.666666667,2.222222222,3.333333333,-1.111111111,1.111111111,1.111111111,-5,0,-3.333333333,-3.333333333,-5.555555556,-5,-2.222222222,1.111111111,3.333333333,1.111111111,1.111111111,3.888888889,4.444444444,3.333333333,-1.666666667,-1.111111111,3.333333333,2.777777778,3.333333333,5,8.888888889,10,0.555555556,3.888888889,1.666666667,1.666666667,3.333333333,7.222222222,4.444444444,5.555555556
1996,142,15.55555556,15,13.33333333,10,12.77777778,12.77777778,12.77777778,13.88888889,16.11111111,12.22222222,3.888888889,7.222222222,8.888888889,16.11111111,8.888888889,9.444444444,12.22222222,12.22222222,8.888888889,9.444444444,14.44444444,15.55555556,6.666666667,3.333333333,5,10,6.666666667,7.777777778,9.444444444,5.555555556,6.111111111,8.888888889,8.333333333,10,15.55555556,16.11111111,15.55555556,8.333333333,3.888888889,4.444444444,6.666666667,6.111111111,7.222222222,8.333333333,6.666666667,1.111111111,2.222222222,0.555555556,0,5,5.555555556,0,1.666666667,3.333333333,3.888888889,-0.555555556,1.111111111,6.666666667,4.444444444,1.666666667,2.222222222,6.111111111,7.777777778,12.22222222,-2.222222222,-3.888888889,-5.555555556,-3.888888889,0,-3.888888889,-6.111111111,-2.777777778,-2.222222222,-5.555555556,-3.888888889,-0.555555556,-5.555555556,-5,-3.888888889,-1.111111111,-3.333333333,-2.222222222,-2.777777778,-7.222222222,-2.777777778,-8.888888889,-7.222222222,-4.444444444,0.555555556,-3.888888889,-6.666666667,-5,-1.111111111,-3.888888889,-2.222222222,-5,-5,-2.222222222,-7.222222222,-5.555555556,-15,-14.44444444,-15.55555556,-11.66666667,-7.777777778,-5,-1.111111111,-5,-6.666666667,-3.888888889,-8.333333333,-9.444444444,-8.333333333,-6.666666667,-6.666666667,-5.555555556,-7.222222222,-8.888888889,-8.333333333,-5.555555556,-9.444444444,-9.444444444,-2.777777778,-1.111111111,-3.333333333,-11.11111111,-11.11111111,-13.88888889,-13.88888889,-12.77777778,-14.44444444,-13.88888889,-13.88888889,-12.77777778,-11.66666667,-6.666666667,-7.222222222,-12.77777778,-12.77777778,-3.333333333,0.555555556,-13.88888889,-13.33333333,-11.66666667,-11.66666667,-5.555555556,-5.555555556,-9.444444444,-8.333333333,-5.555555556,-8.888888889,-5.555555556,-5.555555556,-13.88888889,-13.33333333,-13.88888889,-17.22222222,-22.77777778,-22.22222222,-18.33333333,-12.77777778,-1.666666667,-2.222222222,-1.666666667,-6.111111111,-11.66666667,-10.55555556,-5.555555556,-6.666666667,-11.66666667,-11.11111111,-10,-9.444444444,1.111111111,1.666666667,2.777777778,2.222222222,6.666666667,2.222222222,2.777777778,2.777777778,-6.111111111,-10.55555556,-11.66666667,-5,-12.22222222,-10,-1.666666667,-0.555555556,-11.11111111,-13.88888889,-16.11111111,-12.22222222,-9.444444444,-2.777777778,-1.111111111,1.111111111,-1.666666667,-2.222222222,-2.222222222,-1.111111111,1.111111111,-1.111111111,-5,-4.444444444,-5,-1.666666667,1.666666667,-4.444444444,-3.888888889,-3.333333333,-1.111111111,-1.111111111,2.777777778,0,-1.666666667,0,2.222222222,-1.111111111,-1.111111111,-2.222222222,-2.222222222,-2.222222222,-1.666666667,3.333333333,7.222222222,5.555555556,-1.666666667,0,1.666666667,0,-0.555555556,6.666666667,10,9.444444444,11.66666667,3.333333333,3.333333333,7.222222222,3.888888889,1.111111111,4.444444444
1997,150,12.22222222,12.77777778,13.88888889,16.11111111,16.11111111,18.33333333,18.33333333,15,16.11111111,16.11111111,16.66666667,15.55555556,13.88888889,7.222222222,6.666666667,7.777777778,11.11111111,11.66666667,11.11111111,6.666666667,7.222222222,8.888888889,10.55555556,8.888888889,6.666666667,5.555555556,6.111111111,13.33333333,6.666666667,6.666666667,7.777777778,7.777777778,10.55555556,-1.666666667,-0.555555556,0.555555556,1.666666667,2.222222222,8.333333333,8.333333333,1.666666667,-2.222222222,-1.666666667,7.777777778,1.666666667,1.666666667,5.555555556,9.444444444,2.777777778,2.777777778,3.333333333,3.888888889,7.222222222,5,3.888888889,3.333333333,8.888888889,10.55555556,2.222222222,4.444444444,7.222222222,4.444444444,-0.555555556,-3.888888889,-4.444444444,-3.333333333,-0.555555556,6.111111111,11.66666667,0,-2.222222222,-3.888888889,-5,-7.777777778,-3.888888889,-6.111111111,-9.444444444,-7.222222222,-5,1.666666667,0.555555556,-5,-4.444444444,-5.555555556,-5,0,1.111111111,-2.777777778,-10.55555556,-8.333333333,-5.555555556,-2.777777778,2.222222222,-5.555555556,-5,-5,-5,-3.333333333,-3.888888889,-2.777777778,-2.777777778,-2.777777778,0.555555556,1.666666667,1.666666667,-1.111111111,-1.111111111,-3.333333333,2.222222222,-1.111111111,-10.55555556,-13.88888889,-13.33333333,-7.777777778,-2.222222222,-5.555555556,-7.777777778,-6.666666667,-4.444444444,1.666666667,4.444444444,-1.111111111,-8.333333333,-7.222222222,-2.222222222,2.777777778,6.111111111,1.666666667,-5.555555556,-7.222222222,-6.666666667,-6.666666667,-9.444444444,-14.44444444,-12.77777778,-13.33333333,-12.77777778,-12.77777778,-16.66666667,-17.77777778,-17.77777778,-18.33333333,-10.55555556,-7.777777778,-2.222222222,-7.777777778,-6.111111111,-7.222222222,-7.777777778,-5.555555556,-9.444444444,-9.444444444,-9.444444444,-3.333333333,-3.333333333,-3.888888889,-3.333333333,-2.777777778,-0.555555556,-5.555555556,-5,-9.444444444,-9.444444444,-8.333333333,-7.777777778,-10.55555556,-11.11111111,-3.888888889,-8.333333333,-7.222222222,-6.666666667,-5,-1.666666667,0.555555556,1.666666667,-4.444444444,-5,-9.444444444,-8.333333333,-6.111111111,3.333333333,3.333333333,3.333333333,0,-2.222222222,-1.666666667,0.555555556,-5,-5,-6.666666667,-4.444444444,-1.666666667,-5.555555556,-5.555555556,-3.333333333,-3.888888889,-6.111111111,-8.333333333,-5.555555556,-2.777777778,-3.333333333,-1.111111111,-1.111111111,-3.888888889,-6.111111111,-4.444444444,1.111111111,-1.666666667,5,6.666666667,7.777777778,1.666666667,-3.333333333,1.111111111,3.333333333,8.333333333,9.444444444,6.111111111,6.111111111,0.555555556,-5,-6.666666667,-5.555555556,0,2.222222222,0,-0.555555556,-1.111111111,0,2.777777778,1.111111111,-2.777777778,-0.555555556,-1.666666667,0.555555556,5,4.444444444,5.555555556,3.333333333,3.333333333,2.777777778,2.777777778
1998,135,15,17.22222222,17.22222222,6.666666667,7.777777778,11.66666667,12.77777778,15,17.22222222,16.11111111,16.66666667,13.33333333,12.77777778,13.88888889,13.88888889,13.33333333,14.44444444,15,11.66666667,12.77777778,8.333333333,5,5.555555556,9.444444444,5,6.666666667,7.777777778,5.555555556,12.22222222,13.88888889,11.66666667,1.111111111,2.777777778,5.555555556,11.66666667,15,16.11111111,15,12.77777778,13.33333333,6.666666667,5,6.111111111,8.333333333,9.444444444,6.666666667,5.555555556,5.555555556,7.777777778,5.555555556,1.111111111,0.555555556,-0.555555556,-1.666666667,0.555555556,6.111111111,5,3.333333333,-2.222222222,0,2.222222222,3.888888889,10.55555556,0.555555556,1.111111111,-2.777777778,-1.111111111,4.444444444,5.555555556,6.111111111,5.555555556,5,0.555555556,-2.222222222,-0.555555556,0,-1.111111111,-3.333333333,-7.777777778,-6.111111111,-3.888888889,0,0.555555556,2.777777778,-1.111111111,-5.555555556,-5.555555556,1.666666667,1.111111111,4.444444444,4.444444444,2.222222222,1.111111111,-3.333333333,-1.666666667,-1.666666667,-2.222222222,-3.888888889,-0.555555556,-3.333333333,-0.555555556,0.555555556,1.111111111,-5.555555556,-5,-5.555555556,-5,0,-3.333333333,-2.777777778,1.666666667,-2.777777778,-3.888888889,-2.222222222,0.555555556,0,-2.777777778,-7.222222222,-2.777777778,-7.222222222,-3.888888889,-5,-12.22222222,-12.22222222,-5,4.444444444,3.888888889,3.333333333,11.11111111,11.11111111,11.66666667,-0.555555556,-0.555555556,-3.888888889,-1.666666667,-6.666666667,-6.666666667,-2.222222222,1.666666667,0.555555556,-0.555555556,-1.666666667,-5.555555556,-5.555555556,-4.444444444,0.555555556,-1.666666667,-4.444444444,-2.777777778,-2.222222222,-0.555555556,0,0.555555556,-5,-4.444444444,-4.444444444,1.111111111,0.555555556,1.666666667,-1.666666667,-1.666666667,-5,-5,-1.666666667,0,0.555555556,-1.111111111,-6.666666667,-6.111111111,-4.444444444,1.666666667,6.111111111,5,5.555555556,-0.555555556,0,1.111111111,3.888888889,0.555555556,0.555555556,1.666666667,1.111111111,1.666666667,0,-1.111111111,-1.666666667,-3.333333333,-2.777777778,2.222222222,5,1.111111111,-7.222222222,-9.444444444,-8.888888889,-5.555555556,-3.333333333,-3.888888889,-4.444444444,-2.222222222,1.111111111,3.333333333,2.777777778,0,-2.222222222,-1.111111111,-3.888888889,-1.111111111,5,13.33333333,14.44444444,12.77777778,13.33333333,16.66666667,11.66666667,3.333333333,6.111111111,3.888888889,1.666666667,0.555555556,2.222222222,5.555555556,3.333333333,1.111111111,5,2.222222222,5,8.888888889,12.22222222,12.22222222,5,5.555555556,8.888888889,5,6.666666667,7.222222222,8.888888889,10.55555556,10,4.444444444,0.555555556,2.777777778,5
1999,137,16.66666667,16.66666667,12.22222222,13.88888889,17.22222222,12.77777778,13.33333333,14.44444444,10.55555556,12.22222222,13.88888889,15.55555556,16.11111111,17.22222222,17.22222222,19.44444444,19.44444444,16.11111111,16.66666667,17.22222222,18.33333333,18.88888889,11.11111111,3.333333333,5,8.333333333,13.33333333,17.77777778,7.777777778,8.333333333,13.88888889,5,4.444444444,6.666666667,7.777777778,9.444444444,10.55555556,13.33333333,12.22222222,11.66666667,11.11111111,11.11111111,9.444444444,7.222222222,3.888888889,2.777777778,3.333333333,4.444444444,8.888888889,10.55555556,5.555555556,4.444444444,1.111111111,3.333333333,3.333333333,5,8.888888889,8.888888889,8.333333333,1.666666667,1.111111111,2.777777778,2.777777778,0,0,-3.333333333,-2.777777778,3.333333333,4.444444444,-1.111111111,1.111111111,4.444444444,-0.555555556,1.666666667,-0.555555556,1.666666667,-0.555555556,-0.555555556,2.222222222,-1.666666667,0.555555556,1.111111111,-3.333333333,-3.888888889,-2.222222222,-1.666666667,0,6.666666667,1.666666667,1.666666667,1.111111111,5,1.666666667,2.222222222,8.333333333,7.777777778,3.333333333,7.777777778,6.666666667,3.333333333,-2.222222222,-2.222222222,-3.333333333,-1.666666667,-1.666666667,-6.666666667,-7.222222222,2.222222222,-1.666666667,-3.333333333,0,2.222222222,2.222222222,-10.55555556,-10.55555556,-11.11111111,-11.66666667,-11.11111111,-6.666666667,-1.666666667,-5,-8.888888889,-11.11111111,-12.22222222,-11.66666667,-8.333333333,-12.22222222,-16.66666667,-13.88888889,-10,-8.888888889,-10,-10,-8.888888889,-3.333333333,-7.222222222,-10.55555556,-8.888888889,-5.555555556,-0.555555556,-1.111111111,-1.111111111,-3.333333333,-1.111111111,1.666666667,4.444444444,-1.111111111,-1.111111111,-4.444444444,-3.333333333,2.777777778,-3.888888889,-8.888888889,-10.55555556,-10.55555556,0,0,-0.555555556,-1.111111111,-2.222222222,-1.111111111,-5,-2.777777778,-1.111111111,0.555555556,-6.111111111,-6.111111111,-6.666666667,-6.111111111,-2.222222222,2.222222222,-3.888888889,-5,-6.111111111,-10,-12.77777778,-11.66666667,-7.777777778,-5,-4.444444444,-3.333333333,1.666666667,0,0,-2.777777778,-6.666666667,-5,-8.333333333,-10,-9.444444444,-6.111111111,-5.555555556,-3.888888889,-6.666666667,-2.222222222,-1.666666667,-3.888888889,-2.222222222,8.888888889,3.333333333,-3.888888889,-0.555555556,0.555555556,-3.888888889,-0.555555556,1.666666667,-2.777777778,-0.555555556,3.888888889,5,3.333333333,3.333333333,5,7.777777778,8.888888889,9.444444444,3.888888889,1.111111111,1.666666667,7.777777778,8.888888889,3.333333333,3.333333333,1.666666667,2.777777778,3.333333333,3.888888889,4.444444444,5,2.777777778,3.333333333,3.888888889,0.555555556,2.777777778,6.666666667,1.666666667,1.666666667,1.111111111,3.333333333,5,3.333333333,4.444444444
2000,130,13.33333333,10,15.55555556,18.33333333,20,20.55555556,19.44444444,16.11111111,15,16.11111111,10,8.888888889,10,11.11111111,17.22222222,13.33333333,11.66666667,7.222222222,6.666666667,8.333333333,12.77777778,6.111111111,5,4.444444444,6.111111111,8.888888889,11.11111111,16.11111111,16.66666667,11.11111111,3.888888889,5,6.666666667,10,5.555555556,0,0.555555556,0,0.555555556,9.444444444,14.44444444,3.888888889,4.444444444,5.555555556,0,0.555555556,4.444444444,7.222222222,1.666666667,2.777777778,2.777777778,1.111111111,1.666666667,3.333333333,0,1.111111111,2.222222222,-0.555555556,-0.555555556,1.666666667,2.222222222,7.222222222,10.55555556,2.777777778,-0.555555556,-1.111111111,2.777777778,3.888888889,0,0.555555556,1.666666667,7.222222222,1.111111111,1.111111111,2.777777778,3.333333333,-2.777777778,-3.888888889,-6.111111111,-4.444444444,0.555555556,5,8.888888889,9.444444444,11.11111111,7.777777778,6.111111111,5.555555556,0,-2.777777778,-4.444444444,-6.666666667,-6.111111111,-3.888888889,1.111111111,1.111111111,6.666666667,3.333333333,-5,-5,-1.666666667,-1.111111111,-3.333333333,-2.777777778,0.555555556,0,-0.555555556,-4.444444444,-2.777777778,-2.222222222,-1.666666667,-0.555555556,-3.333333333,-7.777777778,-10.55555556,-11.11111111,-10.55555556,-8.333333333,-7.222222222,-10,-5,-0.555555556,-5,-5,1.111111111,10.55555556,0,-8.333333333,-7.777777778,-6.666666667,-5,-1.666666667,0.555555556,-0.555555556,-1.111111111,-10,-10.55555556,-10,-12.22222222,-14.44444444,-13.88888889,-6.111111111,-12.22222222,-16.66666667,-16.66666667,-9.444444444,-7.222222222,-7.222222222,-12.77777778,-12.22222222,-12.22222222,-11.66666667,-9.444444444,-11.11111111,-8.333333333,-11.66666667,-8.888888889,-5.555555556,-5.555555556,-3.888888889,-10.55555556,-11.11111111,-9.444444444,-2.222222222,-6.111111111,-10,-7.222222222,-2.222222222,-4.444444444,-6.111111111,-5.555555556,-3.888888889,-1.666666667,-1.666666667,-3.888888889,-1.111111111,1.111111111,5.555555556,2.777777778,2.777777778,3.888888889,-1.666666667,0,3.333333333,0.555555556,-2.777777778,-1.666666667,0,-1.111111111,1.666666667,7.777777778,8.333333333,5.555555556,4.444444444,-3.888888889,-3.333333333,-1.111111111,3.333333333,1.666666667,-7.777777778,-6.111111111,-2.222222222,0.555555556,2.777777778,1.111111111,3.333333333,5.555555556,6.111111111,0,5.555555556,3.333333333,-0.555555556,-2.777777778,1.111111111,3.888888889,8.333333333,11.66666667,-1.666666667,-0.555555556,2.777777778,1.666666667,-1.111111111,-1.111111111,1.666666667,3.888888889,-1.666666667,-1.111111111,1.111111111,5.555555556,8.888888889,2.222222222,2.222222222,5,7.222222222,6.111111111,4.444444444,5,8.333333333,2.222222222,3.888888889,5,2.222222222
2001,133,20.55555556,20,22.22222222,18.88888889,9.444444444,8.333333333,7.222222222,8.333333333,11.11111111,16.66666667,17.77777778,19.44444444,18.88888889,9.444444444,10,7.777777778,4.444444444,6.111111111,8.888888889,11.11111111,12.77777778,7.222222222,7.777777778,13.33333333,10.55555556,6.111111111,6.111111111,6.111111111,1.666666667,2.222222222,2.222222222,6.111111111,8.888888889,12.22222222,12.22222222,13.33333333,9.444444444,-2.222222222,0.555555556,1.111111111,1.666666667,3.888888889,5.555555556,6.666666667,7.777777778,10.55555556,11.11111111,12.22222222,10,5,6.111111111,7.222222222,3.333333333,4.444444444,6.111111111,10,7.222222222,7.222222222,2.222222222,2.222222222,2.777777778,1.666666667,4.444444444,6.666666667,8.333333333,5.555555556,-2.222222222,1.666666667,5.555555556,5.555555556,10,8.888888889,4.444444444,1.666666667,1.666666667,2.777777778,-5,-3.888888889,-2.222222222,-2.222222222,-7.222222222,-6.111111111,-6.666666667,-6.666666667,-7.777777778,-7.222222222,-3.333333333,5.555555556,3.888888889,0,-0.555555556,-2.222222222,-5,-8.888888889,-8.333333333,-7.777777778,-6.666666667,-8.333333333,-6.666666667,-3.333333333,-6.666666667,-6.111111111,0,-9.444444444,-9.444444444,-2.777777778,-3.333333333,-1.666666667,-7.222222222,-7.777777778,-10.55555556,-12.77777778,-11.11111111,-15.55555556,-12.22222222,-10.55555556,-12.77777778,-12.77777778,-8.333333333,-10.55555556,-9.444444444,-7.777777778,-7.777777778,-8.888888889,-11.11111111,-8.333333333,-8.333333333,-5.555555556,-6.666666667,-6.111111111,-6.666666667,-6.666666667,-3.888888889,-1.666666667,-6.111111111,-5,-3.888888889,-0.555555556,0.555555556,-2.777777778,-1.111111111,-0.555555556,-6.111111111,-10.55555556,-12.77777778,-12.22222222,-7.222222222,-10.55555556,-10.55555556,-5.555555556,-7.222222222,-6.666666667,-0.555555556,1.666666667,-1.111111111,-6.666666667,-7.222222222,-7.222222222,-0.555555556,-0.555555556,-3.888888889,-1.111111111,0.555555556,-6.666666667,-8.333333333,-8.333333333,-0.555555556,3.888888889,1.666666667,1.666666667,-10,-10,-5.555555556,1.111111111,-10,-8.333333333,-6.111111111,-3.333333333,-0.555555556,-1.666666667,-1.666666667,-6.666666667,-4.444444444,-0.555555556,0.555555556,-3.333333333,-7.222222222,-5.555555556,-3.888888889,-1.666666667,-2.777777778,-1.666666667,-4.444444444,-1.666666667,1.666666667,-1.111111111,1.666666667,2.777777778,-0.555555556,-1.666666667,-1.666666667,2.777777778,3.333333333,3.888888889,1.111111111,-5.555555556,-4.444444444,-7.222222222,-5.555555556,-1.666666667,1.111111111,3.888888889,3.888888889,2.777777778,-1.666666667,0.555555556,1.666666667,5.555555556,6.111111111,5,5.555555556,10,9.444444444,8.333333333,8.888888889,5.555555556,7.222222222,6.666666667,0.555555556,1.666666667,-2.222222222,-1.666666667,5,10.55555556,10.55555556,10.55555556,5.555555556,2.777777778,2.777777778,8.888888889,1.666666667,3.333333333
2002,132,18.88888889,9.444444444,10.55555556,11.66666667,14.44444444,10.55555556,11.66666667,12.77777778,15.55555556,17.77777778,13.88888889,12.22222222,11.66666667,11.11111111,9.444444444,6.666666667,8.333333333,9.444444444,12.22222222,12.22222222,12.22222222,12.22222222,12.77777778,12.77777778,12.22222222,5,5,6.666666667,8.333333333,7.777777778,7.777777778,10.55555556,13.33333333,11.66666667,9.444444444,10,0.555555556,-0.555555556,-2.222222222,-0.555555556,2.222222222,6.666666667,8.888888889,12.77777778,7.222222222,4.444444444,5.555555556,1.666666667,0.555555556,0.555555556,6.666666667,6.666666667,9.444444444,9.444444444,12.77777778,7.777777778,3.888888889,1.666666667,-2.777777778,0.555555556,3.888888889,3.333333333,6.111111111,11.66666667,3.333333333,4.444444444,1.666666667,4.444444444,4.444444444,5.555555556,-1.111111111,1.111111111,-3.333333333,-2.222222222,-1.666666667,-1.666666667,5,6.111111111,1.111111111,0.555555556,1.111111111,-5.555555556,-5,-3.888888889,0,7.777777778,4.444444444,4.444444444,6.666666667,7.222222222,7.222222222,9.444444444,3.333333333,-1.111111111,-0.555555556,3.333333333,7.777777778,7.777777778,5,2.222222222,-3.333333333,-3.333333333,2.222222222,2.777777778,7.222222222,5,-2.222222222,-2.222222222,3.333333333,-1.111111111,0.555555556,0,-5.555555556,-5,-4.444444444,-4.444444444,-7.222222222,-8.888888889,-7.222222222,-4.444444444,-8.333333333,-10,-11.11111111,-10,-8.888888889,-5.555555556,-4.444444444,-3.888888889,-3.333333333,-6.666666667,-6.666666667,-3.333333333,3.333333333,-1.111111111,-0.555555556,-3.888888889,-2.777777778,1.666666667,-0.555555556,-3.888888889,-6.111111111,-5,-6.111111111,-2.777777778,1.111111111,3.333333333,0.555555556,-1.666666667,-0.555555556,0,2.222222222,6.666666667,3.333333333,3.333333333,-1.666666667,-6.111111111,-4.444444444,-8.888888889,-7.777777778,-3.333333333,-1.111111111,-0.555555556,-0.555555556,1.111111111,-5.555555556,-5,-10,-8.888888889,-3.888888889,1.666666667,-4.444444444,-6.111111111,-4.444444444,5,3.888888889,-0.555555556,-4.444444444,-4.444444444,-1.666666667,-2.777777778,-5,-8.333333333,-5,-1.666666667,-6.111111111,-11.66666667,-9.444444444,-1.666666667,-1.666666667,5,0.555555556,-6.666666667,-3.888888889,0.555555556,1.666666667,2.777777778,8.888888889,-0.555555556,0,1.111111111,1.666666667,1.666666667,-7.222222222,-6.111111111,-2.222222222,2.777777778,1.666666667,2.222222222,-0.555555556,1.666666667,5,9.444444444,5.555555556,2.777777778,6.111111111,-1.666666667,-3.333333333,-1.666666667,-5,2.222222222,3.888888889,6.666666667,0,5.555555556,6.111111111,9.444444444,11.66666667,15,16.11111111,18.33333333,15,15.55555556,10.55555556,3.888888889,2.777777778,1.111111111,3.333333333,5,4.444444444,5,9.444444444,2.777777778
2003,146,13.33333333,13.88888889,12.77777778,18.33333333,16.66666667,13.88888889,11.66666667,11.11111111,11.66666667,13.33333333,14.44444444,12.22222222,8.888888889,9.444444444,21.11111111,18.33333333,14.44444444,13.33333333,13.33333333,15.55555556,16.66666667,19.44444444,13.88888889,8.888888889,9.444444444,15,12.77777778,12.77777778,9.444444444,10.55555556,11.11111111,11.66666667,16.11111111,19.44444444,18.33333333,8.888888889,10,4.444444444,4.444444444,8.888888889,11.11111111,13.33333333,13.88888889,4.444444444,1.666666667,2.222222222,6.666666667,0.555555556,0,5.555555556,4.444444444,1.111111111,1.111111111,4.444444444,2.222222222,3.333333333,4.444444444,4.444444444,1.666666667,0.555555556,0.555555556,0.555555556,-1.666666667,-1.666666667,0.555555556,1.666666667,1.666666667,4.444444444,-1.111111111,-0.555555556,2.777777778,10,8.888888889,6.666666667,1.111111111,1.111111111,1.111111111,2.222222222,1.666666667,-2.222222222,-1.666666667,0,3.888888889,1.111111111,0,-0.555555556,0,0,-5.555555556,-5,-1.111111111,-3.333333333,-5,-8.333333333,-11.66666667,-11.11111111,-5.555555556,-13.88888889,-13.33333333,-10,-11.11111111,-10,-1.666666667,-1.666666667,0,1.111111111,1.666666667,-7.777777778,-7.777777778,-7.222222222,-1.666666667,1.666666667,1.111111111,0.555555556,-2.777777778,-2.222222222,-1.111111111,-7.222222222,-7.222222222,-5,-5,-5,0.555555556,0.555555556,-1.111111111,-1.111111111,-6.666666667,-5,-7.222222222,-7.222222222,0.555555556,2.777777778,-6.666666667,-7.777777778,-7.777777778,-9.444444444,-9.444444444,-11.11111111,-11.66666667,-17.77777778,-17.77777778,-10,-10,-13.33333333,-14.44444444,-14.44444444,-11.11111111,-8.333333333,-12.77777778,-13.33333333,-10.55555556,-5,-6.666666667,-2.222222222,0,-3.333333333,-1.666666667,-4.444444444,-8.888888889,-8.888888889,-11.11111111,-10.55555556,-5,-10,-9.444444444,-7.777777778,-7.777777778,-6.111111111,-12.22222222,-12.22222222,-7.222222222,-4.444444444,-4.444444444,-5,-3.888888889,0.555555556,-5.555555556,-5,-10.55555556,-8.888888889,-7.222222222,-3.888888889,-1.666666667,-11.66666667,-11.66666667,-8.888888889,0,-11.11111111,-8.888888889,-5,-7.777777778,-10.55555556,-8.333333333,-2.777777778,-5.555555556,-5,-1.666666667,3.888888889,7.777777778,4.444444444,0,0.555555556,3.888888889,2.222222222,3.333333333,5.555555556,6.666666667,-0.555555556,1.111111111,7.222222222,1.111111111,-2.777777778,-3.888888889,-1.666666667,7.222222222,6.666666667,3.888888889,1.111111111,0,-1.111111111,-0.555555556,0,2.777777778,2.222222222,2.777777778,4.444444444,6.111111111,9.444444444,8.333333333,1.111111111,1.111111111,3.888888889,5.555555556,8.888888889,4.444444444,2.777777778,5,8.888888889,9.444444444,5.555555556,7.222222222,10
2004,137,14.44444444,18.88888889,16.66666667,17.22222222,14.44444444,11.66666667,11.66666667,12.22222222,15,9.444444444,11.11111111,15,14.44444444,16.66666667,17.77777778,12.22222222,11.11111111,12.22222222,15.55555556,15.55555556,16.11111111,15.55555556,16.66666667,8.333333333,8.333333333,11.66666667,14.44444444,14.44444444,10.55555556,5,7.777777778,6.111111111,0.555555556,0.555555556,4.444444444,2.222222222,2.777777778,3.333333333,7.222222222,11.66666667,12.77777778,6.666666667,7.222222222,7.777777778,10.55555556,7.222222222,7.777777778,5,4.444444444,2.222222222,2.777777778,10,0.555555556,-1.111111111,-0.555555556,0.555555556,11.11111111,0,2.777777778,1.666666667,3.888888889,6.111111111,10.55555556,11.66666667,10,11.66666667,14.44444444,8.333333333,2.777777778,-8.333333333,-6.666666667,-4.444444444,1.111111111,5.555555556,0.555555556,0.555555556,2.777777778,3.888888889,2.777777778,5,7.777777778,2.777777778,6.111111111,4.444444444,5,-1.666666667,-2.222222222,-1.666666667,0,0.555555556,-1.666666667,-1.111111111,-0.555555556,-6.111111111,-6.111111111,-5.555555556,-4.444444444,-6.666666667,-7.222222222,-7.222222222,-3.888888889,-2.777777778,-0.555555556,-6.111111111,-6.111111111,-4.444444444,-6.111111111,-6.111111111,-2.222222222,-5,-3.333333333,-5.555555556,-3.888888889,-0.555555556,4.444444444,-3.333333333,-3.333333333,-0.555555556,-2.777777778,-2.777777778,-1.666666667,-4.444444444,-4.444444444,-2.222222222,1.111111111,6.111111111,1.666666667,-1.111111111,-9.444444444,-8.888888889,-8.888888889,-17.22222222,-17.22222222,-14.44444444,-4.444444444,-10,-10.55555556,-13.88888889,-13.88888889,-12.77777778,-7.222222222,-7.777777778,-12.77777778,-11.11111111,-13.88888889,-13.88888889,-17.77777778,-16.11111111,-11.11111111,-9.444444444,-7.222222222,-11.11111111,-12.77777778,-15,-15.55555556,-16.11111111,-3.333333333,-7.222222222,-4.444444444,-1.666666667,-7.222222222,-10,-8.333333333,-2.222222222,-5,-3.333333333,-2.222222222,-3.888888889,-12.77777778,-12.22222222,-8.333333333,-2.777777778,-1.111111111,-0.555555556,0,-4.444444444,-3.333333333,-4.444444444,-3.888888889,-3.333333333,-3.888888889,-2.222222222,0.555555556,1.666666667,3.333333333,5.555555556,6.111111111,6.666666667,1.666666667,1.111111111,-2.777777778,-1.111111111,-2.777777778,-0.555555556,-3.333333333,-4.444444444,-2.777777778,-1.666666667,-1.666666667,-3.888888889,-2.222222222,-3.333333333,-0.555555556,-5,-7.222222222,-3.888888889,1.111111111,7.777777778,10.55555556,7.222222222,2.777777778,0.555555556,1.666666667,4.444444444,5.555555556,5.555555556,3.333333333,-2.777777778,-2.777777778,0.555555556,3.333333333,5,5,5,3.333333333,4.444444444,5,5.555555556,0,5.555555556,8.888888889,12.77777778,14.44444444,11.11111111,11.66666667,11.66666667,10.55555556,9.444444444,8.333333333,7.222222222,1.666666667,2.777777778
2005,146,13.88888889,14.44444444,15,15.55555556,16.11111111,15,15,17.77777778,20,15.55555556,13.88888889,15.55555556,13.33333333,14.44444444,15.55555556,15.55555556,17.77777778,12.22222222,8.888888889,7.222222222,8.888888889,10,13.33333333,15.55555556,13.33333333,14.44444444,13.88888889,13.88888889,16.11111111,13.88888889,7.777777778,8.888888889,7.777777778,6.666666667,7.222222222,2.222222222,2.777777778,8.333333333,8.888888889,10.55555556,6.111111111,2.222222222,3.888888889,5.555555556,5.555555556,5.555555556,2.777777778,1.111111111,1.666666667,8.333333333,8.333333333,7.222222222,-0.555555556,-0.555555556,6.111111111,7.222222222,6.666666667,8.333333333,8.333333333,9.444444444,10.55555556,7.222222222,7.777777778,8.888888889,3.888888889,4.444444444,1.666666667,3.333333333,2.222222222,-0.555555556,-3.888888889,-3.888888889,2.777777778,-1.666666667,-1.111111111,-1.111111111,0,-1.666666667,6.111111111,8.333333333,8.333333333,5.555555556,5,6.111111111,6.111111111,10,-2.777777778,1.111111111,2.222222222,2.777777778,1.666666667,1.666666667,-0.555555556,-1.666666667,-5.555555556,-7.222222222,0.555555556,1.666666667,3.888888889,1.666666667,2.222222222,2.222222222,3.333333333,3.333333333,-1.111111111,-6.666666667,-8.888888889,-8.888888889,-6.666666667,-11.11111111,-15,-15,-7.777777778,-3.888888889,-4.444444444,-8.888888889,-10,-8.333333333,-11.11111111,-10,-1.666666667,-3.333333333,3.333333333,1.111111111,1.111111111,4.444444444,5,0.555555556,0,1.666666667,2.222222222,0,0.555555556,1.666666667,2.777777778,4.444444444,-5,-6.111111111,-9.444444444,-12.22222222,-12.77777778,-9.444444444,-11.66666667,-12.77777778,-15,-16.11111111,-15,-3.333333333,-12.22222222,-15,-13.88888889,-15,-8.888888889,-9.444444444,-9.444444444,-6.111111111,-2.777777778,-0.555555556,-0.555555556,-1.666666667,-0.555555556,2.777777778,1.666666667,-4.444444444,-3.888888889,-3.333333333,-2.222222222,-1.111111111,2.222222222,-1.111111111,-7.777777778,-6.666666667,-8.888888889,-4.444444444,-0.555555556,0.555555556,-3.333333333,-8.333333333,-7.777777778,-4.444444444,-6.666666667,-4.444444444,-3.888888889,-7.777777778,-11.11111111,-8.333333333,-5.555555556,-0.555555556,0,-9.444444444,-8.333333333,-8.333333333,-5,-3.888888889,-4.444444444,-5,-3.333333333,-0.555555556,-2.222222222,1.111111111,1.666666667,0,-1.666666667,1.666666667,0.555555556,1.111111111,3.888888889,2.222222222,1.111111111,2.222222222,2.777777778,4.444444444,5.555555556,2.777777778,4.444444444,2.777777778,1.111111111,2.777777778,9.444444444,9.444444444,2.777777778,1.111111111,4.444444444,2.222222222,2.777777778,5,2.777777778,1.111111111,0,5,9.444444444,13.88888889,11.11111111,2.777777778,6.666666667,1.111111111,0.555555556,3.333333333,3.333333333,3.888888889,6.666666667,3.333333333
2006,146,16.66666667,15.55555556,16.11111111,16.11111111,12.77777778,12.77777778,12.22222222,11.11111111,13.33333333,14.44444444,11.11111111,12.22222222,12.77777778,15,17.22222222,17.77777778,18.33333333,14.44444444,15,16.66666667,12.77777778,11.11111111,12.77777778,16.66666667,18.33333333,15,16.11111111,7.777777778,7.777777778,4.444444444,3.333333333,10.55555556,8.333333333,12.22222222,16.11111111,13.88888889,13.88888889,20,11.66666667,11.66666667,12.22222222,13.33333333,11.11111111,11.66666667,10,7.777777778,10,8.333333333,6.111111111,7.222222222,6.666666667,5.555555556,6.111111111,5.555555556,4.444444444,3.888888889,2.777777778,2.777777778,4.444444444,2.222222222,2.222222222,3.888888889,5,0.555555556,3.888888889,6.666666667,9.444444444,6.666666667,3.888888889,10.55555556,8.888888889,0,-0.555555556,1.111111111,3.888888889,7.222222222,8.333333333,0,-5,-6.111111111,-2.777777778,1.111111111,3.333333333,-2.777777778,-0.555555556,-8.333333333,-7.777777778,-0.555555556,5.555555556,8.333333333,5,-3.333333333,0.555555556,-6.666666667,-3.888888889,-2.777777778,-3.333333333,-10,-11.11111111,-9.444444444,-11.66666667,-7.222222222,-3.888888889,-12.22222222,-14.44444444,-11.66666667,-8.888888889,-5,-5,-4.444444444,-7.777777778,-7.777777778,-7.222222222,-2.222222222,-1.666666667,-5,-2.222222222,1.111111111,-2.222222222,-1.111111111,3.333333333,-1.666666667,-0.555555556,-2.222222222,0.555555556,2.222222222,2.777777778,0,-3.888888889,0.555555556,0,1.666666667,1.666666667,1.666666667,0,-1.111111111,-3.333333333,-5,-3.333333333,-1.111111111,-2.777777778,-3.333333333,0.555555556,-3.888888889,-0.555555556,-2.777777778,-1.111111111,-3.888888889,-6.111111111,-4.444444444,1.666666667,1.666666667,2.777777778,1.111111111,-2.222222222,-1.111111111,3.888888889,-1.111111111,-2.222222222,-3.888888889,-6.111111111,-5.555555556,-5.555555556,-3.888888889,-5,-8.888888889,-7.222222222,-3.333333333,0,0,-3.333333333,-13.33333333,-12.77777778,-6.666666667,-3.888888889,-2.222222222,-1.666666667,-6.111111111,-6.666666667,-10.55555556,-7.777777778,-5.555555556,-1.111111111,-3.333333333,-4.444444444,-3.888888889,-3.888888889,-3.333333333,-4.444444444,-2.777777778,3.888888889,8.333333333,8.333333333,7.777777778,10.55555556,0.555555556,-1.111111111,1.111111111,-3.333333333,-3.333333333,-4.444444444,-6.111111111,-3.888888889,-3.333333333,0,0.555555556,1.111111111,0.555555556,2.222222222,5,2.222222222,4.444444444,7.222222222,9.444444444,5.555555556,3.333333333,0.555555556,0.555555556,5,6.111111111,-1.666666667,-0.555555556,3.333333333,6.111111111,8.333333333,11.11111111,13.88888889,9.444444444,5,7.777777778,8.888888889,8.888888889,11.66666667,8.333333333,7.777777778,7.222222222,5.555555556,0.555555556,3.333333333,6.111111111,7.222222222,5.555555556
2007,143,15,12.77777778,12.22222222,13.33333333,15.55555556,14.44444444,11.66666667,13.33333333,13.88888889,13.33333333,14.44444444,13.33333333,13.33333333,13.33333333,13.88888889,16.66666667,13.33333333,13.33333333,15.55555556,12.77777778,5.555555556,6.666666667,7.777777778,15,8.333333333,9.444444444,9.444444444,6.111111111,6.666666667,6.111111111,6.666666667,7.222222222,7.777777778,12.77777778,11.66666667,8.333333333,8.333333333,10.55555556,8.888888889,9.444444444,12.77777778,12.77777778,-1.666666667,-1.111111111,-0.555555556,1.111111111,1.666666667,10.55555556,10.55555556,11.11111111,6.666666667,3.333333333,2.777777778,2.777777778,3.888888889,1.666666667,1.111111111,3.333333333,4.444444444,2.777777778,5.555555556,5.555555556,5,-0.555555556,-2.222222222,-1.666666667,-1.111111111,-0.555555556,4.444444444,12.22222222,9.444444444,7.777777778,6.111111111,6.666666667,8.333333333,10,10.55555556,9.444444444,3.888888889,1.111111111,1.111111111,-1.666666667,-1.111111111,1.666666667,4.444444444,1.111111111,0.555555556,0.555555556,4.444444444,4.444444444,8.333333333,11.11111111,4.444444444,-0.555555556,-5,-5.555555556,-7.777777778,-5.555555556,-7.222222222,-7.777777778,-4.444444444,-1.111111111,2.222222222,4.444444444,1.666666667,1.111111111,2.777777778,0,-0.555555556,0.555555556,-4.444444444,-4.444444444,2.222222222,3.888888889,3.888888889,-1.666666667,1.111111111,2.777777778,-2.222222222,-1.666666667,1.111111111,-0.555555556,5.555555556,3.333333333,-3.333333333,-1.666666667,-0.555555556,11.11111111,2.777777778,5,-3.333333333,-8.333333333,-8.333333333,-7.777777778,-1.111111111,5.555555556,7.222222222,4.444444444,-7.777777778,-7.777777778,-7.222222222,-2.777777778,-5,-8.333333333,-4.444444444,-1.666666667,-3.333333333,-12.77777778,-12.22222222,-4.444444444,-8.333333333,-10,-10,-8.888888889,-6.111111111,-9.444444444,-12.77777778,-16.11111111,-16.11111111,-15.55555556,-12.22222222,-12.22222222,-11.66666667,-15,-13.88888889,-3.333333333,-9.444444444,-12.22222222,-12.77777778,-12.22222222,-8.333333333,-11.66666667,-10,-0.555555556,-0.555555556,-5,-5,-7.777777778,-2.222222222,-1.111111111,-1.111111111,-2.777777778,-0.555555556,0.555555556,-2.222222222,-2.777777778,-10,-10,-13.88888889,-12.22222222,-7.777777778,0.555555556,-2.777777778,-1.666666667,3.888888889,8.333333333,-1.111111111,-5.555555556,-6.111111111,-10,-9.444444444,-2.777777778,-2.222222222,1.111111111,6.111111111,3.888888889,3.333333333,3.888888889,14.44444444,1.111111111,-0.555555556,-0.555555556,6.666666667,4.444444444,5.555555556,5.555555556,-0.555555556,-1.666666667,-2.222222222,-3.333333333,-3.333333333,-3.333333333,-2.222222222,1.666666667,3.888888889,0.555555556,4.444444444,4.444444444,3.333333333,3.888888889,4.444444444,2.222222222,1.111111111,6.666666667,9.444444444,17.22222222,10.55555556,7.777777778,8.333333333,8.888888889,7.222222222,10
2008,149,11.66666667,15.55555556,12.22222222,13.33333333,16.11111111,17.22222222,17.77777778,19.44444444,17.77777778,19.44444444,20,12.77777778,11.11111111,11.66666667,16.11111111,4.444444444,5,6.666666667,8.888888889,8.888888889,10.55555556,12.77777778,16.66666667,10.55555556,11.11111111,11.66666667,17.22222222,16.66666667,11.11111111,9.444444444,10,10.55555556,13.88888889,14.44444444,16.66666667,15,16.11111111,15.55555556,16.66666667,12.22222222,11.11111111,9.444444444,7.777777778,5,3.888888889,8.333333333,11.66666667,12.22222222,12.77777778,14.44444444,8.333333333,7.222222222,7.222222222,15.55555556,8.888888889,9.444444444,9.444444444,5.555555556,0,0,1.111111111,1.666666667,2.222222222,3.888888889,4.444444444,-0.555555556,1.111111111,3.333333333,-3.888888889,-2.777777778,-1.666666667,-1.666666667,3.333333333,4.444444444,5,7.777777778,2.777777778,-2.222222222,-1.666666667,0.555555556,0.555555556,3.333333333,7.222222222,0.555555556,-6.111111111,-6.111111111,-3.333333333,4.444444444,-2.222222222,-1.111111111,-1.666666667,-1.666666667,-1.666666667,1.666666667,-2.777777778,-6.666666667,-12.22222222,-11.11111111,-6.666666667,0.555555556,0.555555556,1.666666667,3.888888889,-0.555555556,-1.111111111,-3.333333333,-2.222222222,-3.333333333,-8.333333333,-7.222222222,-3.333333333,-3.333333333,-1.111111111,1.666666667,0,-2.777777778,-3.333333333,-0.555555556,0.555555556,-0.555555556,-2.777777778,-2.222222222,-1.666666667,-4.444444444,-8.333333333,-10.55555556,-10.55555556,0.555555556,7.222222222,6.111111111,6.111111111,0,-0.555555556,-0.555555556,-2.222222222,1.666666667,-3.333333333,-3.333333333,-2.777777778,-2.777777778,-2.777777778,-11.11111111,-12.77777778,-12.77777778,-6.111111111,-8.333333333,-8.333333333,-8.888888889,-6.111111111,-3.888888889,-2.777777778,-1.111111111,-7.777777778,-7.222222222,-1.666666667,-3.333333333,-3.888888889,1.666666667,3.333333333,5.555555556,-1.111111111,-2.777777778,-1.111111111,-13.88888889,-13.33333333,-10,-6.111111111,-5.555555556,-3.888888889,-6.111111111,-2.777777778,-2.222222222,-7.222222222,-14.44444444,-13.33333333,-5.555555556,-7.777777778,-4.444444444,-0.555555556,-0.555555556,-9.444444444,-10,-8.888888889,-5.555555556,-1.666666667,0.555555556,4.444444444,-3.333333333,-2.777777778,-1.666666667,-5,-5,-3.888888889,1.666666667,-3.333333333,-3.333333333,1.666666667,6.111111111,-2.222222222,-1.666666667,2.222222222,3.888888889,0,-1.111111111,-3.333333333,-2.777777778,-2.777777778,-2.777777778,2.222222222,4.444444444,-2.222222222,-3.333333333,-3.333333333,3.333333333,2.222222222,-1.111111111,2.222222222,2.777777778,6.111111111,4.444444444,4.444444444,5.555555556,7.222222222,7.777777778,10,5,0.555555556,1.666666667,1.111111111,3.888888889,7.222222222,9.444444444,12.22222222,11.11111111,10.55555556,10.55555556,12.77777778,10.55555556,12.22222222,8.888888889,6.666666667,5.555555556
2009,145,14.44444444,13.88888889,16.11111111,15.55555556,17.22222222,18.88888889,14.44444444,13.88888889,15.55555556,13.33333333,14.44444444,15.55555556,17.77777778,20,19.44444444,13.33333333,9.444444444,10,11.66666667,7.222222222,8.333333333,13.33333333,13.88888889,9.444444444,9.444444444,11.66666667,14.44444444,17.22222222,15,9.444444444,9.444444444,8.888888889,5.555555556,7.777777778,7.777777778,7.222222222,3.333333333,3.333333333,5,9.444444444,7.222222222,7.777777778,7.777777778,10,10.55555556,15.55555556,7.222222222,4.444444444,2.777777778,-0.555555556,0,4.444444444,1.666666667,1.111111111,2.222222222,2.222222222,5,4.444444444,2.777777778,1.111111111,-1.111111111,0,5,6.666666667,7.222222222,8.333333333,11.66666667,10.55555556,10,3.888888889,3.888888889,0.555555556,0.555555556,1.111111111,5.555555556,7.222222222,2.777777778,2.222222222,-2.222222222,-5,-4.444444444,-1.666666667,-5.555555556,-6.666666667,-6.666666667,-3.888888889,1.111111111,-2.777777778,-2.222222222,-2.222222222,-1.111111111,-0.555555556,0,-6.111111111,-5.555555556,-1.666666667,-10,-7.222222222,-8.888888889,-7.222222222,-2.777777778,1.111111111,1.111111111,-5,-4.444444444,-3.333333333,1.666666667,-2.222222222,-3.333333333,-2.222222222,-3.333333333,-6.666666667,-12.22222222,-12.22222222,-12.22222222,-1.111111111,-3.888888889,-3.333333333,0,-1.666666667,-1.666666667,-1.666666667,-7.222222222,-7.222222222,-5.555555556,-2.777777778,2.222222222,-1.666666667,-2.222222222,-1.666666667,-5,-4.444444444,-5,-7.222222222,-6.666666667,-10,-10,-15.55555556,-18.88888889,-10.55555556,-7.777777778,-10,-10.55555556,-10,-9.444444444,0,-11.66666667,-7.222222222,-7.777777778,-6.111111111,-6.111111111,-6.666666667,-9.444444444,-7.777777778,-5.555555556,-1.111111111,-6.111111111,-13.33333333,-13.33333333,-8.333333333,-4.444444444,-3.333333333,-2.777777778,0,4.444444444,2.777777778,-3.888888889,-3.888888889,-3.888888889,-6.666666667,-5,-1.666666667,-7.222222222,-7.222222222,-2.777777778,-4.444444444,-8.888888889,-8.333333333,-5.555555556,0,-0.555555556,-3.333333333,-7.777777778,-12.77777778,-12.22222222,-9.444444444,-4.444444444,4.444444444,10,5.555555556,0.555555556,0.555555556,-0.555555556,-2.222222222,-2.222222222,2.777777778,2.222222222,2.777777778,2.222222222,2.777777778,-1.666666667,-5,-3.333333333,-4.444444444,-5.555555556,-5,-2.777777778,2.222222222,3.888888889,7.777777778,3.888888889,-2.222222222,1.111111111,4.444444444,3.333333333,5,3.333333333,8.333333333,0.555555556,-1.111111111,-1.111111111,4.444444444,4.444444444,0.555555556,-2.222222222,0.555555556,5,0.555555556,2.777777778,8.333333333,10,5,4.444444444,2.222222222,3.888888889,1.111111111,4.444444444,12.22222222,15,16.11111111,8.888888889,8.888888889
2010,135,11.11111111,9.444444444,10,11.66666667,13.88888889,16.11111111,16.66666667,16.11111111,16.66666667,15,12.77777778,13.33333333,15.55555556,17.77777778,14.44444444,14.44444444,13.88888889,13.88888889,8.888888889,6.111111111,8.888888889,12.77777778,17.22222222,18.33333333,15.55555556,11.66666667,11.66666667,10.55555556,9.444444444,8.888888889,5.555555556,6.111111111,8.888888889,8.888888889,7.222222222,5,5.555555556,7.777777778,8.333333333,10,5,5,5.555555556,2.777777778,3.888888889,2.222222222,2.222222222,2.777777778,0,2.222222222,4.444444444,7.777777778,8.333333333,10.55555556,6.666666667,3.333333333,6.111111111,8.888888889,11.66666667,10.55555556,10.55555556,6.666666667,6.111111111,2.222222222,-1.111111111,-0.555555556,0,-2.777777778,2.222222222,6.666666667,7.777777778,6.666666667,6.111111111,6.111111111,8.333333333,10,6.666666667,6.666666667,3.888888889,6.111111111,7.222222222,2.222222222,3.888888889,4.444444444,6.111111111,7.222222222,4.444444444,3.888888889,2.222222222,0,1.111111111,-2.222222222,-0.555555556,0.555555556,0.555555556,-0.555555556,-2.777777778,-5,-5,-0.555555556,0,-8.333333333,-7.777777778,-2.777777778,3.333333333,3.333333333,-2.222222222,-5.555555556,-6.666666667,-6.666666667,-5.555555556,-7.222222222,-7.222222222,-6.111111111,-7.222222222,-8.888888889,-3.333333333,-0.555555556,-1.111111111,-5.555555556,-10,-7.777777778,-3.888888889,-8.888888889,-10,-8.333333333,-6.111111111,-6.111111111,-3.333333333,-7.222222222,-7.777777778,-10,-8.888888889,-8.888888889,-5,-5,-4.444444444,0.555555556,0.555555556,2.222222222,1.111111111,-3.333333333,-5.555555556,-5.555555556,-2.222222222,-1.111111111,1.666666667,0.555555556,-2.777777778,-3.888888889,-11.11111111,-10.55555556,-11.66666667,-8.888888889,-7.222222222,-5.555555556,-6.111111111,-4.444444444,-2.777777778,-12.77777778,-12.22222222,-10.55555556,-9.444444444,-7.222222222,-6.111111111,-5.555555556,-3.888888889,-10,-9.444444444,-7.222222222,-6.111111111,0.555555556,-1.111111111,-1.666666667,-0.555555556,0,0,-0.555555556,-4.444444444,-3.888888889,-0.555555556,0.555555556,0.555555556,0,-0.555555556,-0.555555556,-1.111111111,-1.111111111,0,3.888888889,2.222222222,4.444444444,6.111111111,5.555555556,6.111111111,5.555555556,5.555555556,6.111111111,2.222222222,3.333333333,6.111111111,6.666666667,8.888888889,6.666666667,6.666666667,3.888888889,3.333333333,-5,1.111111111,3.888888889,3.888888889,3.888888889,5.555555556,7.777777778,7.777777778,10,8.888888889,8.888888889,14.44444444,13.33333333,6.666666667,3.888888889,4.444444444,6.111111111,6.111111111,-0.555555556,1.666666667,5,4.444444444,0.555555556,3.333333333,3.888888889,5.555555556,2.222222222,4.444444444,7.222222222,7.222222222,8.888888889,8.888888889,1.666666667,2.777777778,6.666666667
2011,140,17.77777778,17.77777778,19.44444444,13.33333333,10.55555556,8.888888889,15,16.11111111,11.11111111,12.22222222,12.77777778,14.44444444,13.33333333,12.77777778,10,10.55555556,13.33333333,8.333333333,11.66666667,13.33333333,6.666666667,6.666666667,13.33333333,17.77777778,18.88888889,13.88888889,15.55555556,18.88888889,10,10.55555556,13.88888889,6.111111111,8.333333333,7.777777778,7.777777778,7.777777778,8.333333333,6.666666667,11.66666667,6.111111111,15.55555556,9.444444444,3.888888889,4.444444444,6.666666667,6.666666667,5,4.444444444,2.777777778,0,0.555555556,0,-2.222222222,3.888888889,8.333333333,9.444444444,14.44444444,12.22222222,7.777777778,0.555555556,3.888888889,2.222222222,-1.666666667,-2.777777778,2.222222222,5.555555556,0.555555556,0,3.333333333,5.555555556,6.111111111,2.222222222,-5,1.666666667,2.222222222,2.777777778,7.222222222,7.777777778,0,1.666666667,2.222222222,1.111111111,1.111111111,1.666666667,-3.333333333,2.222222222,2.222222222,-2.777777778,-6.111111111,-6.666666667,-5,7.222222222,-2.777777778,-3.333333333,-2.777777778,-3.333333333,-3.888888889,-5,-10,-8.888888889,-8.333333333,-6.666666667,-3.888888889,-2.222222222,-8.333333333,-12.77777778,-13.33333333,-12.77777778,-7.777777778,-6.666666667,-5,-4.444444444,-3.888888889,-2.222222222,-3.888888889,-4.444444444,-5.555555556,-5.555555556,-5.555555556,-4.444444444,-6.111111111,-3.888888889,-2.222222222,-1.111111111,-5.555555556,-7.777777778,-7.222222222,-7.777777778,-10,-10.55555556,-9.388888889,-14.44444444,-11.11111111,-9.444444444,-6.666666667,-7.777777778,-7.222222222,-5.555555556,-5.555555556,-6.666666667,-2.777777778,-1.666666667,-3.333333333,-13.88888889,-12.77777778,-16.11111111,-16.66666667,-6.666666667,-8.888888889,-10.55555556,-9.388888889,-5,-8.888888889,-11.11111111,-5,-5.611111111,-14.38888889,-12.22222222,-8.277777778,-3.888888889,-3.888888889,-11.11111111,-9.388888889,-12.22222222,-14.38888889,-7.777777778,-2.777777778,-3.888888889,-10,-5,0,-1.111111111,-8.888888889,-2.777777778,-11.72222222,-16.72222222,-11.72222222,-5,-2.222222222,-0.611111111,3.277777778,-2.222222222,-3.277777778,-8.277777778,-7.777777778,-3.277777778,2.777777778,-2.222222222,-5,-3.888888889,-0.611111111,3.277777778,1.722222222,2.777777778,1.722222222,-2.777777778,-1.722222222,2.222222222,1.722222222,6.722222222,-3.888888889,-0.611111111,0.611111111,2.222222222,0,-4.388888889,-7.222222222,-6.111111111,-7.222222222,-6.722222222,-3.277777778,0,0,1.111111111,1.111111111,2.222222222,4.388888889,0,3.277777778,5,3.277777778,7.222222222,7.777777778,11.72222222,6.722222222,6.722222222,6.722222222,6.111111111,6.111111111,5.611111111,5.611111111,9.388888889,7.222222222,2.777777778,3.888888889,7.222222222,10.61111111,15.61111111,17.77777778,16.72222222,8.888888889,6.722222222
2012,126,13.88888889,16.11111111,17.77777778,20.61111111,15,15,14.38888889,16.11111111,18.88888889,17.77777778,16.11111111,13.88888889,14.38888889,16.11111111,16.72222222,6.111111111,9.388888889,8.888888889,10,12.22222222,15,17.77777778,17.22222222,15.61111111,16.72222222,17.77777778,19.38888889,19.38888889,16.11111111,11.72222222,9.388888889,4.388888889,6.111111111,6.111111111,8.888888889,7.222222222,5.611111111,7.777777778,9.388888889,10.61111111,10.61111111,13.27777778,12.77777778,13.27777778,8.888888889,6.722222222,9.388888889,8.277777778,9.388888889,10.61111111,7.222222222,7.222222222,2.222222222,6.722222222,6.722222222,6.111111111,8.888888889,1.722222222,0,-2.777777778,-2.777777778,-2.222222222,0.611111111,1.111111111,1.722222222,0,-2.222222222,0,1.111111111,2.222222222,3.888888889,2.222222222,-2.777777778,1.722222222,7.222222222,8.888888889,10.61111111,5.611111111,-2.777777778,-2.777777778,-2.777777778,-1.111111111,6.722222222,7.222222222,2.222222222,6.722222222,3.888888889,2.777777778,9.388888889,11.72222222,2.777777778,0.611111111,-2.777777778,-2.777777778,-1.111111111,1.111111111,2.777777778,11.72222222,0,-3.888888889,-2.777777778,-6.722222222,-6.722222222,-6.111111111,-2.222222222,2.222222222,3.888888889,0.611111111,-2.222222222,-5.611111111,-3.888888889,2.222222222,3.888888889,6.722222222,0,-5,2.777777778,-2.222222222,1.722222222,-6.722222222,-4.388888889,1.722222222,0.611111111,-1.111111111,-5.611111111,-13.27777778,-11.11111111,-2.777777778,-0.611111111,0.611111111,-3.888888889,-3.888888889,-3.277777778,-3.277777778,-2.777777778,-5.611111111,-8.277777778,-10.61111111,-8.888888889,0.611111111,-8.888888889,-7.777777778,-6.111111111,-5.611111111,-5,-3.277777778,-3.277777778,0.611111111,1.111111111,-0.611111111,-2.777777778,-3.888888889,-3.277777778,-2.222222222,4.388888889,-2.222222222,-2.222222222,0,-4.388888889,-3.888888889,-1.722222222,-5,-5,-3.277777778,-8.277777778,-6.722222222,-5.611111111,0,-1.111111111,0.611111111,-3.277777778,-2.222222222,-2.222222222,-5,-1.111111111,0.611111111,3.277777778,-0.611111111,0,-3.277777778,-2.777777778,1.722222222,-2.222222222,-1.111111111,-1.722222222,-3.888888889,-6.722222222,-4.388888889,0,2.777777778,-2.777777778,-2.777777778,2.777777778,2.777777778,12.22222222,9.388888889,8.277777778,8.277777778,9.388888889,9.388888889,11.11111111,13.27777778,13.27777778,11.11111111,12.22222222,7.222222222,10,-2.222222222,-1.722222222,3.888888889,-0.611111111,-0.611111111,5.611111111,5.611111111,2.777777778,7.777777778,2.222222222,1.111111111,2.777777778,3.277777778,8.888888889,2.222222222,1.722222222,2.777777778,2.777777778,1.111111111,12.22222222,12.77777778,15.61111111,7.777777778,8.277777778,6.722222222,10.61111111,6.111111111,2.777777778,2.222222222,2.222222222,6.722222222,5.611111111,1.111111111,0.611111111,2.222222222
2013,147,15.61111111,20,21.72222222,21.11111111,21.72222222,20,18.88888889,20,11.72222222,12.77777778,7.777777778,8.888888889,10.61111111,11.11111111,11.72222222,12.22222222,7.777777778,8.277777778,11.11111111,6.722222222,10,10.61111111,7.777777778,7.222222222,5,5,14.38888889,16.11111111,10,8.277777778,5.611111111,8.277777778,13.88888889,17.22222222,12.77777778,12.22222222,6.722222222,1.722222222,3.888888889,7.222222222,3.888888889,2.777777778,-1.111111111,2.222222222,6.722222222,9.388888889,2.222222222,2.777777778,8.888888889,8.888888889,4.388888889,5.611111111,4.388888889,10,11.11111111,13.27777778,13.27777778,12.22222222,8.888888889,2.777777778,2.777777778,3.277777778,2.777777778,3.277777778,3.888888889,1.722222222,-3.888888889,-2.777777778,1.111111111,2.222222222,0.611111111,2.777777778,6.111111111,3.277777778,-0.611111111,-1.111111111,0.611111111,2.222222222,-0.611111111,2.222222222,0,-0.611111111,0,-1.111111111,1.111111111,-0.611111111,-5,-1.111111111,-1.111111111,-3.888888889,-2.777777778,-1.111111111,1.111111111,4.388888889,7.222222222,8.277777778,-5,-2.777777778,0,6.111111111,5,2.777777778,-1.722222222,-3.277777778,-5.611111111,-5,3.277777778,3.888888889,5.611111111,0,-1.111111111,0.611111111,0.611111111,-5,-3.888888889,-2.777777778,-3.277777778,-3.277777778,-1.111111111,-3.888888889,-1.111111111,-8.277777778,-1.111111111,-4.388888889,-10,-10,-1.722222222,-3.888888889,2.222222222,-5.611111111,-4.388888889,-2.222222222,0,1.111111111,3.888888889,5,1.722222222,-0.611111111,-0.611111111,-3.888888889,-4.388888889,-3.277777778,-5.611111111,-11.11111111,-13.27777778,-13.27777778,-11.72222222,-12.22222222,-10,-5.611111111,-1.722222222,3.888888889,3.277777778,-6.111111111,-11.11111111,-8.888888889,-7.222222222,-6.722222222,-3.888888889,-5.611111111,-3.888888889,-5,-8.277777778,-7.777777778,0,-3.888888889,-3.888888889,-3.888888889,-1.722222222,-5.611111111,-8.277777778,-8.277777778,-5,-6.722222222,-5,-3.888888889,1.111111111,-1.722222222,-2.222222222,-1.111111111,0,1.722222222,-1.722222222,-2.777777778,-4.388888889,-5.611111111,-2.777777778,1.111111111,-0.611111111,0.611111111,0.611111111,1.722222222,3.888888889,-1.722222222,-1.722222222,-2.222222222,-2.222222222,-0.611111111,-1.111111111,-2.777777778,-1.111111111,-3.277777778,-3.888888889,-4.388888889,-3.888888889,-1.111111111,-1.111111111,1.722222222,2.222222222,0.611111111,0,1.722222222,5,-3.888888889,-3.888888889,-6.111111111,-4.388888889,0.611111111,2.777777778,9.388888889,10,15,13.88888889,8.277777778,6.111111111,3.277777778,9.388888889,10,11.11111111,12.77777778,13.27777778,5,0,0,2.777777778,3.888888889,5,4.388888889,3.277777778,5.611111111,9.388888889,10
2014,136,20,20.61111111,19.38888889,14.38888889,15,10.61111111,11.11111111,13.27777778,14.38888889,15,18.88888889,20.61111111,17.77777778,10.61111111,5.611111111,7.222222222,5.611111111,5,5,7.222222222,13.27777778,11.72222222,10.61111111,5,6.111111111,9.388888889,10.61111111,11.11111111,7.222222222,8.888888889,8.888888889,12.77777778,13.27777778,15.61111111,17.22222222,16.72222222,19.38888889,6.722222222,7.222222222,10,10.61111111,12.77777778,12.77777778,10.61111111,9.388888889,9.388888889,12.22222222,11.11111111,4.388888889,3.277777778,2.222222222,2.777777778,1.111111111,0.611111111,-0.611111111,-0.611111111,1.722222222,-0.611111111,0,3.277777778,7.777777778,11.72222222,7.222222222,6.111111111,-2.222222222,-1.111111111,2.222222222,9.388888889,1.111111111,-2.777777778,2.222222222,1.111111111,0.611111111,-1.722222222,-3.888888889,-1.722222222,0,4.388888889,9.388888889,2.777777778,-2.222222222,-3.277777778,2.222222222,1.722222222,-6.722222222,-8.277777778,-7.222222222,-1.111111111,-3.888888889,-3.277777778,-6.111111111,-6.111111111,-0.611111111,0.611111111,0.611111111,0.611111111,7.777777778,2.222222222,-2.777777778,-2.222222222,-2.222222222,-8.277777778,-7.222222222,-8.888888889,-5,-2.777777778,-4.388888889,-5,-7.222222222,-6.722222222,-5,2.777777778,11.72222222,12.22222222,-3.277777778,-8.888888889,-5.611111111,-5,-3.888888889,2.222222222,3.888888889,-4.388888889,-6.666666667,-4.444444444,-12.77777778,-16.11111111,-15,-8.888888889,-19.44444444,-19.44444444,-13.33333333,-5.555555556,-3.333333333,0.555555556,-3.333333333,-2.222222222,-3.333333333,-3.333333333,-5.555555556,-5,-8.888888889,-6.666666667,-4.444444444,-17.77777778,-17.77777778,-17.22222222,-16.11111111,-12.22222222,-11.66666667,-15.55555556,-17.77777778,-17.77777778,-17.22222222,-5.555555556,-5.555555556,0,-8.333333333,-8.333333333,-7.777777778,-9.444444444,-9.444444444,-9.444444444,-9.444444444,-15,-16.66666667,-16.66666667,-3.888888889,-1.666666667,-7.222222222,-13.33333333,-13.33333333,-3.888888889,-3.888888889,-2.222222222,0,0,-2.222222222,-7.222222222,-6.666666667,-12.77777778,-16.66666667,-13.88888889,-10,-9.444444444,-13.88888889,-12.22222222,-10,-9.444444444,-4.444444444,0,0,3.888888889,3.888888889,-9.444444444,-9.444444444,-1.666666667,-1.111111111,-7.222222222,-7.222222222,-1.666666667,0.555555556,2.222222222,1.666666667,1.111111111,-10,-8.888888889,-5.555555556,-8.888888889,-8.888888889,2.222222222,3.888888889,1.666666667,0.555555556,1.666666667,6.111111111,6.666666667,6.111111111,-1.666666667,2.777777778,2.222222222,4.444444444,0.555555556,1.666666667,6.666666667,10,13.33333333,16.11111111,-2.777777778,-2.777777778,-1.111111111,2.222222222,6.666666667,1.666666667,3.333333333,6.666666667,3.333333333,3.888888889,7.222222222,4.444444444,4.444444444,7.777777778,5.555555556
2015,136,20.55555556,20.55555556,18.33333333,17.22222222,19.44444444,16.11111111,15,16.66666667,15.55555556,16.11111111,18.33333333,13.33333333,12.22222222,7.222222222,8.333333333,8.888888889,8.888888889,8.888888889,10.55555556,11.11111111,11.66666667,13.33333333,6.111111111,7.777777778,8.333333333,11.11111111,11.11111111,13.88888889,13.88888889,15.55555556,12.77777778,12.77777778,12.77777778,15,1.111111111,2.222222222,2.777777778,11.11111111,7.222222222,7.222222222,8.888888889,5.555555556,8.888888889,11.66666667,18.88888889,13.33333333,9.444444444,10,6.666666667,1.111111111,1.666666667,7.777777778,10,10.55555556,6.111111111,9.444444444,2.222222222,2.222222222,8.333333333,3.888888889,4.444444444,6.111111111,3.888888889,2.777777778,2.777777778,4.444444444,8.333333333,6.666666667,-2.222222222,0.555555556,0.555555556,1.666666667,3.888888889,-0.555555556,-1.111111111,-2.777777778,-3.888888889,-0.555555556,-6.666666667,-8.888888889,-8.333333333,-4.444444444,-10,-7.222222222,1.666666667,8.333333333,1.666666667,-1.666666667,-1.666666667,-3.888888889,2.777777778,-0.555555556,-1.666666667,-1.111111111,0,0.555555556,0,-3.888888889,-3.888888889,-3.888888889,0.555555556,-0.555555556,-1.666666667,-2.777777778,-1.666666667,3.333333333,0,1.666666667,-1.111111111,-0.555555556,-5.555555556,-5,-6.666666667,-3.888888889,3.333333333,6.111111111,-2.222222222,-0.555555556,0.555555556,0.555555556,-2.222222222,-6.111111111,-7.222222222,-6.111111111,-4.444444444,-1.111111111,0,-10,-10.55555556,-16.11111111,-16.11111111,-15,-10,-7.222222222,-5.555555556,-8.888888889,-8.333333333,-5,-9.444444444,-8.333333333,-3.888888889,-2.777777778,-4.444444444,-3.333333333,-5.555555556,-5,-3.333333333,-5,-6.111111111,-8.888888889,-11.66666667,-10,-10.55555556,-10,-3.333333333,-10,-9.444444444,-8.888888889,-15,-15,-1.666666667,-1.111111111,-3.333333333,-7.222222222,-7.777777778,-13.33333333,-13.33333333,-17.22222222,-18.33333333,-17.22222222,-16.11111111,-14.44444444,-18.88888889,-18.33333333,-12.22222222,-6.666666667,-20.55555556,-19.44444444,-11.66666667,-10,-14.44444444,-11.66666667,-8.333333333,-8.333333333,-5.555555556,-2.777777778,-18.88888889,-15.55555556,-12.22222222,1.666666667,0.555555556,2.222222222,3.333333333,-2.777777778,-2.777777778,-1.111111111,-1.666666667,1.111111111,-2.222222222,-2.222222222,-1.666666667,-1.666666667,-3.888888889,-5,-5,-4.444444444,-3.888888889,1.666666667,-5.555555556,-5.555555556,-2.222222222,2.222222222,-1.666666667,-1.111111111,2.222222222,2.222222222,1.111111111,2.777777778,3.888888889,6.111111111,2.777777778,2.777777778,0.555555556,0,6.111111111,6.111111111,8.888888889,7.777777778,10,10,8.333333333,10,10.55555556,6.111111111,2.777777778,1.666666667,0.555555556,3.888888889,6.666666667,7.777777778,6.666666667,8.333333333
2016,146,18.88888889,18.88888889,20,21.11111111,17.22222222,14.44444444,14.44444444,17.77777778,20,21.11111111,16.11111111,13.88888889,9.444444444,10.55555556,11.11111111,11.66666667,11.66666667,13.33333333,13.88888889,13.33333333,13.33333333,13.33333333,11.11111111,12.22222222,14.44444444,12.77777778,12.77777778,16.11111111,16.11111111,20,10.55555556,10.55555556,7.222222222,8.333333333,7.777777778,6.666666667,7.222222222,11.11111111,13.33333333,3.888888889,3.888888889,5.555555556,6.111111111,9.444444444,7.777777778,6.111111111,0.555555556,-0.555555556,-1.666666667,-1.666666667,3.888888889,7.222222222,8.888888889,3.888888889,3.888888889,3.888888889,1.666666667,2.222222222,10.55555556,4.444444444,4.444444444,8.333333333,10,5,6.666666667,9.444444444,16.66666667,6.666666667,0,-1.111111111,1.111111111,6.666666667,7.222222222,7.777777778,0,1.666666667,9.444444444,5.555555556,6.111111111,6.111111111,5,1.666666667,-2.222222222,-3.333333333,-1.111111111,-1.666666667,-1.111111111,2.222222222,5,-0.555555556,-0.555555556,4.444444444,6.111111111,2.777777778,-1.111111111,-1.666666667,-2.222222222,-1.666666667,-1.666666667,-1.666666667,1.111111111,2.222222222,6.111111111,10.55555556,12.22222222,11.66666667,6.666666667,3.333333333,2.222222222,-3.888888889,-5,-1.111111111,-0.555555556,7.222222222,11.11111111,9.444444444,7.777777778,2.777777778,1.111111111,2.777777778,3.333333333,2.222222222,0,-3.277777778,-2.222222222,-2.222222222,-12.22222222,-11.72222222,-11.11111111,-7.222222222,0.611111111,-5,-6.111111111,-6.722222222,-10,-9.388888889,-2.222222222,-1.722222222,-10,-11.72222222,-12.22222222,-11.72222222,-11.11111111,-7.777777778,-8.888888889,-12.77777778,-10,-6.111111111,-1.722222222,-11.72222222,-11.11111111,-9.388888889,-1.111111111,4.388888889,-2.222222222,-0.611111111,2.222222222,1.111111111,-5,-6.722222222,-3.277777778,-1.722222222,-3.888888889,-8.888888889,-15.61111111,-15.61111111,-15.61111111,-12.77777778,-8.888888889,1.722222222,-5.611111111,-8.277777778,-7.222222222,1.111111111,0.611111111,1.111111111,0.611111111,1.722222222,-5,-6.111111111,-0.611111111,3.888888889,1.111111111,-0.611111111,-5.611111111,-3.888888889,-2.777777778,-2.222222222,-2.222222222,-0.611111111,5.611111111,7.777777778,12.22222222,2.777777778,5.611111111,6.111111111,5,5.611111111,4.388888889,3.888888889,1.111111111,-1.722222222,0,-2.777777778,-2.222222222,6.111111111,6.111111111,-1.722222222,3.888888889,6.722222222,4.388888889,-1.722222222,0,8.888888889,8.277777778,-2.222222222,2.222222222,-4.388888889,-4.388888889,-3.277777778,2.777777778,-3.888888889,-5,5,5.611111111,0,0,1.722222222,4.388888889,4.388888889,6.111111111,12.22222222,4.388888889,5.611111111,7.222222222,6.111111111,6.111111111,5,6.111111111,8.888888889,7.777777778,5.611111111
